reaction_id,gene,protein_family_tag
375,ledE,592
376,ledF,869
377,ledF,869
379,RoqA,928
380,RoqR,1150
381,RoqD,571
382,phzA2,533
382,phzA1,866
383,phzM,864
384,phzS,838
385,phzH,816
386,phzS,838
2,CinF,1171
3,CinA,660
4,CinB,592
5,CinE,474
5,CinC,560
6,CinD,473
7,FdmO,659
7,FdmI,646
7,FdmE,342
7,FdmC,798
8,FdmD,619
9,FdmN,658
10,FdmV,707
13,CnsB,1320
14,CnsF,571
15,CnsA,1094
16,CnsC,315
17,CnsE,534
18,CnsJ,1321
19,CnsK,1172
20,FkmC1,646
21,FkmO2,969
21,FkmC2,821
21,FkmC3,619
21,FkmO1,406
22,FkmD,659
24,IsnA,1034
25,IsnB,938
26,IsnGT,917
27,mbsA,1332
28,mbsB,1000
29,mbsC,657
30,mbsD,494
31,mbsD,494
32,ActIORF2,753
32,ActIII,754
32,ActIORF1,734
33,ActIII,754
34,ActVII,647
35,ActIV,584
36,ActVI1,647
37,ActVI2,584
38,ActVA5,736
38,ActVB,893
79,VioA,573
80,VioB,702
82,VioE,1
83,VioC,528
84,VioD,528
85,VioC,528
61,PnxG,659
62,PnxK,619
62,PnxD,646
62,PnxL,1168
64,PnxO3,80
64,PnxO5,735
64,PnxO2,777
64,PnxE1,546
64,PnxE2,746
64,PnxH,62
64,PnxI,405
65,PnxO6,765
66,PnxO4,626
67,PnxP,1052
67,PnxN,791
70,PnxMT1,186
71,PnxGT2,552
72,PnxMT2,1047
73,PnxS1,726
74,PnxS2,1117
75,PnxS3,641
76,PnxS4,949
77,PnxS5,698
78,PnxO1,215
78,PnxW,659
86,arx27,659
86,arx21,659
87,arx19,646
88,arx19,646
88,arx14,619
88,arx15,341
89,arx23,969
89,arx20,462
89,arx22,170
90,arx30,626
92,arx1,722
92,arx24,698
93,arx9,552
94,arx5,413
96,arx6,122
96,arx12,121
96,arx34,67
42,MtdF,884
43,MtdG,1279
44,MtdE,922
46,MtdM1,749
47,MtdV,781
48,MtdN,610
48,MtdU,1018
48,MtdI,827
48,MtdT,538
48,MtdO,223
49,MtdQ,785
50,MtdK,256
52,MtdL,579
53,MtdH,1081
54,MtdJ,894
55,MtdG2,1067
56,MtdG1,251
57,MtdM2,182
58,MtdW,305
59,MtdM3,980
60,MtdM4,980
97,ToyD,1064
98,ToyB,1264
98,ToyM,1262
98,ToyC,1263
99,ToyH,655
100,ToyE,656
101,ToyG,1240
102,ToyF,1241
103,ToyI,859
104,ToyL,589
104,ToyJ,590
104,ToyK,588
119,GntB,1299
120,GntF,1276
120,GntA,1002
121,GntC,884
122,GntF,1276
122,GntA,1002
123,GntD,250
123,GntZ,953
124,GntD,250
124,GntZ,953
127,GntK,704
129,GntI,374
105,AtaP,592
106,AtaP,592
108,AtaTC,1150
109,AtaIMG,576
110,AtaJ,810
111,AtaIMG,576
112,AtaTC,1150
113,AtaF,1148
115,AtaH,1255
116,AtaH,1255
117,AtaY,1309
118,AtaY,1309
139,StaO,572
139,StaD,702
141,StaP,701
142,StaC,709
131,Hex30,659
132,Hex26,619
132,Hex21,646
132,Hex25,821
133,Hex19,659
134,Hex33,546
134,Hex20,546
135,Hex9,911
135,Hex7,910
136,Hex29,208
144,Cpr38,1224
145,Cpr12,796
146,Cpr37,785
146,Cpr36,477
147,Cpr35,1322
147,Cpr34,1026
148,Cpr33,476
149,Cpr32,475
150,Cpr50,748
150,Cpr56,830
150,Cpr53,481
150,Cpr55,563
150,Cpr49,479
150,Cpr48,478
150,Cpr51,665
150,Cpr47,928
150,Cpr54,1323
150,Cpr57,748
150,Cpr52,480
151,CapA,1177
152,CapH,596
153,Cap15,1317
155,Cpr27,675
155,Cpr51,665
156,AcmT,859
157,AcmV,1249
158,AcmB,1203
158,AcmA,1203
158,AcmG,632
158,AcmK,627
158,AcmW,1203
158,AcmI,1250
159,AcmN,784
160,AcmX,574
160,AcmY,574
161,AcmD,1237
161,AcmE,1103
161,AcmF,1236
173,lphzE,862
173,lphzC,1178
173,lphzB,533
173,lphzF,536
173,lphzD,105
173,lphzG,865
174,lomo11,43
174,lomo9,1252
175,lomo10,276
162,RedW,751
162,RedM,697
163,RedL,660
166,RedK,698
167,RedI,68
168,RedQ,607
168,RedP,22
168,RedR,511
169,RedN,1222
169,RedX,1349
171,RedF,1041
171,RedH,805
176,SanJ,397
177,SanI,646
179,SanD,619
179,SanE,589
179,SanI,646
180,SanD,619
180,SanE,589
180,SanI,646
181,SanD,619
181,SanE,589
181,SanI,646
182,SanD,619
182,SanE,589
182,SanI,646
183,SanD,619
183,SanE,589
183,SanI,646
184,cpz15,938
185,cpz14,234
186,cpz17,758
186,cpz18,1219
186,cpz25,1136
186,cpz16,138
186,cpz19,51
187,cpz11,534
187,cpz26,675
188,cpz15,938
188,cpz10,525
189,cpz11,534
189,cpz26,675
190,cpz23,994
190,cpz15,938
190,cpz10,525
191,cpz21,1187
192,Cpz31,553
193,Cpz29,123
193,Cpz30,692
193,Cpz28,692
207,ClaF,893
207,ClaH,569
208,ClaO,572
209,ClaD,702
210,ClaC,709
210,ClaP,322
211,ClaX1,263
212,ClaX2,760
213,ClaM1,672
214,ClaM3,912
194,RubE3,827
194,RubE1,1024
194,RubE2,604
195,RubE7,897
197,RubE8,378
197,RubE9,353
197,RubE4,604
198,RubE6,829
199,RubC,736
199,RubB,390
199,RubE5,649
202,RubS5,299
203,SubS4,437
204,RubS6,1022
204,RubS3,1265
204,RubS2,294
205,RubS1,773
206,RubS7,552
226,TueA,560
227,TueB,566
228,TueB,566
229,TueB,566
230,TueC,412
230,TueS,1163
215,StfQ,650
216,StfY,829
217,StfY,829
218,StfOI,419
219,StfX,779
220,StfT,221
221,StfMI,134
222,StfPII,974
222,StfG,553
223,StfMII,915
224,StfPI,875
224,StfE,773
225,StfOII,1092
225,StfMIII,915
231,CtaC,826
231,CtaB,566
232,CtaD,825
233,CtaD,825
234,CtaE,823
235,CtaF,670
236,CtaG,930
238,CtaJ,945
238,CtaK,44
239,FevV,271
240,FevL,555
240,FevK,807
241,FevI,303
242,FevH,840
243,FevE,932
243,FevF,987
244,FevW,861
245,FevW,861
246,NikP1,869
247,NikQ,329
248,NikP2,559
250,SanR,531
251,SanX,549
253,NikC,1001
253,NikE,653
253,NikD,1096
254,NikA,1259
254,NikB,1273
255,NikT,787
256,NikF,878
256,NikG,720
257,NikS,542
258,AlbC,334
259,AlbB,694
259,AlbA,895
260,Orf17,575
261,Orf20,783
262,Orf23,1344
263,Orf19,504
264,Orf16,1005
265,Orf21,930
266,Orf13,723
266,Orf12,1343
269,Orf5,677
270,Orf4,803
271,Orf1,707
271,Orf2,157
271,Orf3,1186
272,Orf22,926
273,Orf22,926
274,PctC,1221
275,PctU,785
277,PctQ,88
278,PctL,1069
279,PctI,776
280,PctE,530
280,PctP,743
281,PctP,743
281,PctE,530
282,PctV,947
283,PctJ,975
283,PctN,704
283,PctO,704
284,PctJ,975
284,PctN,704
284,PctO,704
285,PctJ,975
285,PctN,704
285,PctO,704
286,PctB,1074
286,PctA,1153
287,PctD,359
288,PctF,749
289,PctS,226
289,PctT,1010
289,PctK,428
290,PctM,1026
291,GilH,729
291,GilG,778
292,GilOIV,74
294,GilOIV,74
295,GilOI,1098
295,GilOIII,803
296,GilOII,689
298,GilMT,58
298,GilM,673
299,GilGT,759
300,GilR,773
301,PhzC,808
303,PhzE,862
304,PhzD,863
305,PhzF,536
307,PhzB,533
309,PhzG,865
340,TcpD,1360
340,TcpP,927
341,TcpC,1150
342,TcpJ,810
342,TcpK,1194
342,TcpG,254
342,TcpT,715
342,TcpI,809
312,RubA,835
313,RubA,835
314,RubA,835
315,RubA,835
316,RubB,390
317,RubP1,755
318,RubB,390
319,RubB,390
320,RubF,730
323,RubC1,868
324,RubC1,868
325,RubC2,1156
326,RubC3,737
328,RubC1,868
329,RubC1,868
330,RubN1,726
331,RubN2,1118
332,RubN3,641
333,RubN6,698
334,RubN4,640
335,RubN5,639
335,RubN7,906
336,RubN8,543
339,RubC1,868
344,ParC,1299
345,ParS,1002
346,ParE,1300
347,ParS,1002
348,ParM,953
349,ParL,544
350,ParF,554
350,ParQ,790
350,ParB,947
370,DdaD,928
370,DdaE,559
370,DdaC,934
371,DdaA,1145
371,DdaB,1144
372,DdaG,1206
373,DdaH,816
374,DdaF,542
352,Lct34,559
353,Lct27,646
353,Lct30,1168
354,Lct29,619
355,Lct33,616
356,Lct25,489
361,Lct35,127
361,Lct10,1298
362,Lct49,726
363,Lct48,1118
364,Lct45,641
365,Lct44,949
366,Lct46,951
367,Lct50,490
368,Lct47,698
369,Lct36,552
387,bcpB,103
388,bcpC,847
389,phpC,851
390,phpD,1051
391,phpE,1048
392,phpJ,56
393,phpF,1170
394,phpG,852
395,bcpE,1114
396,bcpA,1184
397,pmmS,1346
398,pmi,849
401,bar,1316
402,phsA,918
403,phsB,592
404,phsC,592
405,phpM,559
405,phpL,559
405,phpA,988
406,bcpD,704
407,bah,470
422,lat,1181
423,pcd,850
424,pcbAB,1246
425,pcbC,993
426,penDE,1031
427,cefE,879
428,cefF,310
429,cefG,1258
430,cmcH,1286
431,cmcI,692
431,cmcJ,430
408,rsdK4,447
409,rsdO3,217
410,rsdA,827
411,rsdK3,734
411,rsdK1,606
411,rsdK2,1006
412,rsdC1,26
413,rsdC2,584
414,rsdC3,1050
415,rsdO4,620
416,rsdO1,904
416,rsdO6,747
416,rsdO2,893
419,rsdO9,626
419,rsdO5,955
419,rsdO7,896
419,rsdO8,896
421,rsdO10,216
432,MrqA,734
432,MrqC,604
432,MrqB,1012
433,MrqF,364
434,MrqE,650
434,MrqO8,375
435,MrqD,584
436,MrqH,212
437,MrqO8,375
438,MrqK,139
438,MrqI,140
439,MrqO5,883
440,MrqO1,896
441,MrqO4,904
441,MrqK,139
441,MrqI,140
442,MrqO7,1022
443,MrqO6,626
444,MrqO6,626
445,MrqO3,643
446,ToyD,1064
447,ToyB,1264
447,ToyM,1262
447,ToyC,1263
448,ToyH,655
449,ToyE,656
450,ToyG,1240
451,ToyF,1241
452,ToyI,859
453,Fom1,857
454,Fom2,847
455,FomC,459
456,Fom3,704
457,Fom4,614
458,AusA,592
460,GntB,1299
461,GntF,1276
461,GntA,1002
462,GntC,884
463,GntF,1276
463,GntA,1002
464,GntD,250
464,GntZ,953
465,GntD,250
465,GntZ,953
468,GntK,704
470,GntI,374
484,MymC,575
484,MymM,569
485,MymD,1338
486,MymQ,1005
487,MymB,671
488,MymA,1337
489,MymE,566
489,MymF,653
490,MymG,1010
472,CmmX,340
472,CmmQ,649
472,CmmY,829
473,CmmOII,881
474,CmmMI,366
475,CmmGIV,581
476,CmmGIII,581
477,CmmMII,976
478,CmmGII,552
479,CmmGI,552
480,CmmWI,31
480,CmmOIV,882
481,CmmA,919
482,CmmA,919
483,CmmMIII,633
537,Spt9,1258
539,Spt6,539
542,Spt2,1356
543,Spt5,592
544,Spt7,1357
493,Cyt2,1176
493,Cyt3,449
493,Cyt4,827
493,Cyt1,734
494,CytM,205
495,CytN,24
496,CytQ,829
497,CytQ,829
498,CytV,616
499,CytP,1050
500,CytF,676
501,CytO,206
502,CytK,1095
503,CytD,1122
504,CytS6,433
505,CytS3,641
506,CytS,640
507,CytS4,698
508,CytR,957
508,CytJ,789
509,cytG1,553
509,cytL,1152
510,CytH,914
510,CytI,691
511,CytS1,949
512,CytS4,698
513,CytG2,553
514,CytS2,951
515,CytS4,698
516,CytG2,553
517,CytW,974
517,CytG3,553
518,CytG2,553
519,CloH,592
520,CloI,323
521,Clo-hal,705
522,CloJ,737
522,CloK,663
526,CloL,1244
527,CloV,1077
528,CloM,248
529,CloN3,751
529,CloN4,697
530,CloN7,613
530,CloN2,797
530,CloP,913
531,CloT,1270
532,CloW,296
533,CloU,1174
534,CloS,1265
535,CloN5,607
536,CloN6,431
545,kanA,1299
546,kanB,1002
547,kanC,884
548,kanD,1276
549,kanE,1276
549,kanF,953
550,kanI,70
551,kacL,947
552,kanE,1276
552,kanF,953
553,EncP,733
554,EncL,827
554,EncH,1245
554,EncI,766
555,EncA,734
555,EncB,753
555,EncC,606
556,EncM,892
559,EncK,741
560,EncR,735
561,EncD,207
562,FamD2,813
563,FimC5,485
565,esmA5,862
565,esmA3,536
565,esmA4,863
566,esmA1,533
567,esmA2,865
567,esmA1,533
568,esmB2,887
568,esmB1,598
568,esmB3,608
569,esmB4,660
570,esmB5,559
571,esmC,727
572,esmD2,653
573,esmD3,15
573,esmD2,653
574,edmD1,1010
590,RslC1,651
590,RslO10,218
591,RslC2,584
591,RslC3,81
593,RslO8,896
593,RslO4,167
593,RslO9,626
593,RslO1,904
593,RslO5,955
576,LmbR,817
577,LmbN,634
578,LmbK,307
578,LmbP,635
578,LmbO,153
579,LmbZ,933
579,LmbM,698
579,LmbL,871
579,LmbS,1275
580,LmbT,554
581,LmbB2,723
582,LmbX,536
582,LmbB1,752
582,LmbA,761
582,LmbY,889
582,LmbW,677
583,LmbC,421
584,LmbD,539
584,LmbN,634
585,LmbV,537
586,LmbE,585
587,LmbJ,535
588,LmbF,532
589,LmbG,534
594,ClmL,1001
596,ClmS,1096
597,ClmAL,653
598,ClmP,563
598,ClmN1,936
599,ClmN1,936
603,ClmN2,592
604,ClmD1,84
604,ClmT,559
605,ClmM1,684
606,ClmAH,1227
607,ClmG1,1319
607,ClmG2,598
608,ClmAT,788
609,ClmM,705
610,ClmM2,658
632,Af12080,868
633,Af12060,970
633,Af12050,928
612,AziB1,875
613,AziB2,452
614,AziC1,627
615,AziC2,1046
616,AziC3,1312
617,AziC4,1313
618,AziC5,466
618,AziC6,467
620,AziC7,1275
621,AziC8,1314
623,AziC9,468
624,AziC10,1311
625,AziA3,465
626,AziA4,592
627,AziA5,926
628,AziD3,469
629,AziD1,919
630,AziD2,1315
631,AziA1,928
647,EspD,702
647,EspP,701
647,EspO,572
648,EspM,658
649,EspX,357
634,MtmP,734
634,MtmS,604
634,MtmK,192
635,MtmGIV,551
636,MtmGIII,551
637,MtmC,1174
637,MtmGIV,551
638,MtmOIV,882
638,MtmW,53
639,MtmGI,552
640,MtmGII,552
641,MtmOIV,882
641,MtmW,53
642,MtmQ,650
643,MtmY,829
644,MtmL,83
645,MtmX,779
646,MtmOII,881
646,MtmMI,367
651,RemH,976
651,RemF,95
651,RemL,829
651,RemG,976
652,RemI,646
653,KasD,698
654,KasR,1278
654,KasP,904
655,KasC,1027
656,KasN,225
657,KasQ,548
659,KasA,1284
660,LnmQ,493
660,LnmP,609
661,LnmI,825
662,LnmI,825
663,LnmG,989
663,LnmJ,92
664,LnmG,989
664,LnmJ,92
665,LnmG,989
665,LnmJ,92
666,LnmG,989
666,LnmJ,92
667,LnmG,989
667,LnmJ,92
669,LnmM,492
671,LnmZ,735
671,LnmB,720
671,LnmA,735
672,LepA,491
672,LepH,1084
672,LepG,586
673,LepF,1135
674,LepI,909
675,LepI,909
676,LepD,1150
677,Mcl17,557
678,Mcl23,547
679,Mcl24,529
680,Mcl24,529
681,MarJ,559
681,MarP,1283
681,MarQ,563
681,MarL,660
681,MarR,1013
683,MarG,1056
685,MarA,967
686,CpaA,937
690,Lcz34,559
691,Lcz27,646
691,Lcz30,821
692,Lcz29,619
693,Lcz33,616
694,Lcz25,914
699,Lcz35,910
700,Lcz36,582
701,OxyJ,1015
702,OxyK,650
703,OxyN,829
705,OxyF,684
706,OxyE,760
707,OxyL,881
708,OxyQ,1180
709,OxyT,976
714,MilA,594
715,MilB,742
716,MilC,1038
717,MilG,530
719,MilM,1211
720,MilN,1132
722,MilH,1054
735,Ask_Ect,1209
736,Asd,1308
737,EctB,1326
738,EctA,1325
739,EctC,1115
723,TomI,723
724,TomH,752
725,TomK,536
726,TomN,1362
727,TomL,761
728,TomC,522
730,TomP,862
730,TomD,862
731,TomO,1097
732,TomF,718
732,TomE,893
733,TomG,1361
734,TomA,61
734,TomB,869
741,LanE,1191
742,LanM2,728
743,LanE,1191
744,LanV,1014
744,LanE,1191
745,LanGT2,759
746,LanZ5,736
746,LanZ4,729
747,LanGT4,553
747,LanGT1,552
747,LanGT3,581
748,JadD,338
748,RavG,778
768,SirD,1272
769,SirP,927
771,SirG,986
772,SirT,603
773,SirM,576
773,SirN,962
774,SirH,1255
775,Fom1,857
776,Fom2,847
777,FomC,459
778,Fom3,704
779,Fom4,614
749,CumX,255
750,CumV,1270
751,CumU,1265
752,CumW,1174
753,CumC,592
754,CumD,332
755,CumE,737
756,CumF,663
757,CumM,672
758,CumG,420
759,CumG,420
760,CumN,913
760,CumH,581
761,CumN,913
761,CumH,581
762,ProC,29
762,ProB,697
763,ProA,751
764,CumJ,797
765,CumJ,797
780,Ndas_1148,1167
781,Ndas_1146,895
781,Ndas_1147,231
782,Ndas_1146,895
782,Ndas_1147,231
783,Ndas_1149,658
784,Ndas_1145,658
785,Ndas_1145,658
786,ppm,1347
787,ppd,847
788,phpC,851
789,phpD,1051
790,phpE,1048
791,phpJ,56
792,phpF,1170
793,phpG,852
794,phpH,1114
795,phpI,1184
796,pms,1346
797,pmi,849
800,pat,1316
801,phpK,704
802,dea,483
803,GriI,1086
804,GriH,840
805,GriC,177
806,GriD,887
807,GriE,932
807,GriF,987
810,GriE,932
810,GriF,987
812,AlpE,648
812,AlpI,778
812,AlpD,198
831,Erd22,584
832,Erd20,760
833,Erd22,584
835,Erd7,539
835,Erd4,650
835,Erd8,731
835,Erd5,754
816,ChryK,649
816,ChryF,204
816,ChryG,778
818,ChryOIV,385
819,ChryOIII,878
819,ChryOI,384
821,ChryOII,689
824,ChryD,726
825,ChryE,1271
826,ChryCMT,639
827,ChryU,1265
828,ChryGT,759
829,ChryMT,658
830,ChryRM,773
836,HedE,650
837,HedA,754
838,HedE,650
840,HedQ,883
841,HedR,876
841,HedG,760
843,HedL,759
843,HedJ,581
844,HedL,759
844,HedJ,581
845,BenD,821
845,BenH,646
845,BenE,619
846,BenL,659
848,BenF,684
849,ThnO,600
849,ThnN,598
850,ThnL,703
851,ThnP,704
853,ThnG,601
854,MtaB,566
855,MtaB,566
856,MtaB,566
857,MtaC,826
858,MtaD,825
859,MtaD,825
860,MtaE,823
861,MtaF,670
862,MtaG,930
863,MtaG,930
864,AclP,927
868,AclH,1306
869,AprE,799
869,AprS,1002
869,AprC,1299
871,AprQ,790
873,AprD3,661
873,AprD4,704
890,CarD,1318
891,CarB,472
892,CarA,1189
893,CarC,938
874,Med-ORF22,775
874,Med-ORF2,1006
874,Med-ORF1,734
874,Med-ORF23,605
874,Med-ORF24,731
876,Med-ORF6,363
877,Med-OR19,25
878,Med-ORF3,584
879,Med-ORF12,645
880,Med-ORF5,52
881,Med-ORF5,52
882,Med-ORF29,896
882,Med-ORF9,896
883,Med-ORF7,736
884,Med-ORF18,726
885,Med-ORF17,1269
886,Med-ORF16,641
887,Med-ORF20,640
888,Med-ORF15,789
889,Med-ORF8,372
894,ForA,1008
895,ForG,966
905,Fms7,704
909,Fms14,1087
910,RedD,702
910,RedO,572
911,RedP,22
914,RedE,696
915,RedM,697
916,SchP5,754
916,SchP9,778
916,SchP4,649
921,SchS7,371
922,SchS9,552
923,SchS10,136
924,SchS9,552
925,SchS10,136
926,FtmA,928
927,FtmB,571
928,FtmC,1157
929,FtmD,1327
930,FtmE,1084
931,FtmG,1085
932,FtmH,571
933,FtmF,1328
935,RavK,651
935,RavG,778
936,RavOIV,389
937,RavOIV,389
938,RavOI,1192
938,RavOIII,878
940,RavOII,82
943,RavD,726
944,RavE,1271
945,RavIM,1282
946,RavAMT,640
947,RavNMT,160
948,RavGT,370
948,RavMT,658
949,RavRM,673
949,RavW,745
950,BlsM,742
952,BlsD,1038
953,BlsE,530
954,BlsE,530
955,BlsH,1275
956,BlsI,542
956,BlsK,228
957,BlsF,1038
959,BlsL,977
960,Glv21,927
961,Glv3,1160
963,Glv10,986
964,Glv11,986
965,Glv2,1160
966,Glv4,715
966,Glv16,715
967,Glv6,1148
967,Glv12,1158
967,Glv14,1159
967,Glv19,1148
967,Glv5,1148
968,Glv7,576
968,Glv13,576
970,Mra21,1027
971,Mra20,713
972,Mra23,495
973,Mra22,758
974,Mra3,704
974,Mra4,1335
979,HygS,1277
979,HygE,1288
979,HygC,1299
980,HygM,979
981,HygF,410
982,HygU,311
982,HygP,634
982,HygL,1275
982,HygY,530
982,HygO,952
982,HygN,635
983,HygD,554
984,HygX,116
1006,SdmE,580
1006,SdmG,580
1007,SdmC,411
1008,SdmD,929
1009,SdmM,1143
1010,SdmF,751
1011,SdmE,580
1011,SdmG,580
1012,SdmA,802
1012,SdmB,860
1013,SdmN,898
1013,SdmH,1141
1013,SdmP,1142
986,StrO,1079
987,StrI,966
988,StsC,1002
989,StsE,1202
990,StrB1,1230
991,StsB,643
991,StsA,443
991,StrB2,1036
991,StrB1,1230
992,StrN,965
993,StrD,726
994,StrE,436
995,StrL,1265
997,StrH,1119
998,StrQ,644
999,StrP,698
1000,StrS,1275
1001,StrG,525
1002,StrG,525
1002,StrX,1120
1002,StrF,185
1005,StrK,874
1014,OvmT,214
1015,OvmS,604
1015,OvmK,583
1015,OvmP,222
1016,OvmA,648
1017,OvmC,778
1017,OvmOI,1191
1018,OvmOII,728
1018,OvmOIII,765
1020,JadH,1192
1021,JadF,1014
1022,JadD,338
1022,JadI,778
1022,JadE,754
1023,SgvE1,241
1024,SgvE1,241
1025,SgvE1,241
1026,SgvE2,824
1027,SgvE3,562
1028,SgvE3,562
1029,SgvE4,240
1030,SgvE5,592
1030,SgvE6,144
1031,SgvQ,989
1032,SgvP,876
1033,PtnB2,840
1033,PtnB1,1086
1033,PtmB2,840
1033,PtmB1,1086
1034,PtnB3,764
1034,PtmB3,764
1036,PtnT4,820
1036,PtmT4,820
1040,PtnT2,621
1040,PtmT2,621
1041,PtnT1,11
1041,PtmT1,556
1043,PtnC,730
1043,PtmC,730
1044,ang14,1012
1044,ang13,734
1044,ang15,604
1045,ang16,754
1046,ang17,649
1047,ang5,771
1048,ang12,778
1049,ang18,1014
1050,ang10,910
1051,ang5,771
1051,ang11,1191
1076,MysA,1339
1077,MysB,688
1078,MysC,1046
1079,MysE,869
1079,MysD,1340
1080,MysH,501
1052,SaqB,193
1052,SaqC,604
1052,SaqA,734
1053,SaqL,27
1053,SaqN,1014
1053,SaqF,778
1053,SaqD,754
1053,SaqO,729
1054,SaqM,728
1054,SaqE,1192
1055,SaqG,726
1056,SaqH,1117
1057,SaqS,1124
1058,SaqT,949
1059,SaqR,698
1060,SaqQ,951
1061,SaqZ1,769
1062,SaqZ3,698
1063,SaqZ1,769
1064,SaqZ3,698
1065,SaqGT5,759
1066,SaqGT2,552
1067,SaqGT3,552
1068,SaqGT4,552
1069,SaqGT3,552
1070,SaqGT4,552
1071,SaqGT6,552
1072,SaqGT1,10
1073,SaqGT1,10
1074,SaqW,773
1075,SaqW,773
1095,CpkA,561
1096,CpkA,561
1097,CpkB,561
1098,CpkB,561
1099,CpkC,561
1101,CpkE,1105
1102,CpkG,348
1103,CpkH,773
1103,ScF,773
1103,CpkD,283
1104,CpkH,773
1104,ScF,773
1104,CpkD,283
1105,CpkH,773
1105,ScF,773
1105,CpkD,283
1081,AtmH,568
1082,AtmO,572
1083,AtmD,702
1084,AtmC,709
1084,AtmP,701
1085,AtmG,917
1086,AtmM,534
1087,AtmM1,673
1088,AtmS7,726
1089,AtmS8,721
1090,AtmS9,1310
1091,AtmS14,641
1092,AtmS13,786
1092,AtmS12,770
1093,AtmS10,463
1094,AtmG1,552
1111,SauE,515
1112,SauD,1322
1112,SauC,1026
1112,SauB,606
1113,SauA,556
1114,SauP1,516
1114,SauP2,517
1115,AuaG,394
1116,AuaH,696
1118,AuaJ,464
1119,AuaI,77
1120,kanA,1299
1121,kanB,1002
1122,kanC,884
1123,kanD,1276
1124,kanE,1276
1124,kanF,953
1125,kanI,70
1126,kacL,947
1127,kanE,1276
1127,kanF,953
1128,TunG,854
1128,TunN,137
1129,TunB,530
1130,TunA,698
1131,TunF,698
1132,TunM,672
1133,TunH,550
1134,TunD,554
1135,TunE,964
1136,TunK,607
1136,TunC,259
1136,TunL,858
1137,forR,821
1137,forD,646
1137,forL,619
1138,forQ,308
1138,forN,762
1139,forT,684
1139,forW,126
1139,forM,178
1140,forV,705
1141,forX,626
1141,forY,889
1142,forW,126
1142,forM,178
1143,forW,126
1143,forM,178
1144,Fluo12,754
1145,Fluo8,778
1145,Fluo13,651
1146,Fluo14,728
1148,Fluo6,689
1148,Fluo5,388
1149,Fluo26,745
1149,Fluo21,1058
1149,Fluo25,1241
1149,Fluo23,1231
1149,Fluo24,716
1149,Fluo22,539
1152,HpxV,1331
1153,HpxL,488
1169,ThdA,9
1169,NpsB,822
1169,NpsA,868
1156,NcsC,298
1157,NcsC1,698
1158,NcsC2,698
1159,NcsC3,733
1160,NcsC4,698
1161,NcsC5,163
1162,NcsB,948
1163,NcsB,948
1164,NcsB3,1298
1165,NcsB1,188
1166,NcsF2,1107
1166,NcsF1,1106
1167,NcsC6,973
1168,NcsB2,653
1172,HygK,698
1173,HygC,1299
1174,HygS,1277
1175,HygE,1288
1176,HygS,1277
1177,HygM,979
1178,HygF,410
1179,HygP,634
1180,HygN,635
1181,HygU,311
1182,HygO,952
1183,HygJ,698
1184,HygL,1275
1185,HygD,554
1220,brm2,1302
1220,arp2,1302
1221,brm1,669
1221,arp2,1302
1222,brm2,1302
1222,arp2,1302
1210,ElmNI,646
1211,ElmJ,1168
1212,ElmI,618
1213,ElmH,620
1214,ElmNII,914
1215,ElmP,678
1216,ElmG,626
1217,ElmGT,1261
1218,ElmMII,692
1218,ElmMIII,125
1218,ElmMI,692
1219,ElmD,124
1186,Cyt2,1176
1186,Cyt3,449
1186,Cyt4,827
1186,Cyt1,734
1187,CytM,205
1188,CytN,24
1189,CytQ,829
1190,CytQ,829
1191,CytV,616
1192,CytP,1050
1193,CytF,676
1194,CytO,206
1195,CytK,1095
1197,CytH,914
1197,CytI,691
1198,CytW,974
1198,CytG3,553
1199,CytG2,553
1200,CytW,974
1200,CytG3,553
1201,CytD,1122
1202,CytS6,433
1203,CytS3,641
1204,CytS1,949
1205,CytS2,951
1206,CytS,640
1207,CytS4,698
1208,CytR,957
1208,CytJ,789
1209,CytS4,698
1224,SqnK,754
1224,SqnL,651
1224,SqnBB,778
1224,SqnM,174
1224,SqnF,1191
1225,SqnA,900
1225,SqnC,154
1225,SqnT,888
1225,SqnU,888
1226,SqnG2,581
1226,SqnG1,553
1226,SqnG3,252
1227,SqnG2,581
1227,SqnG1,553
1228,SqnG2,581
1228,SqnG1,553
1229,SqnG2,581
1229,SqnG1,553
1230,SqnQ,773
1231,SqnQ,773
1233,Por19,783
1234,Por21,926
1235,Por17,1005
1236,Por26,658
1237,Por14,723
1238,Por13,752
1239,Por10,677
1239,Por11,761
1239,Por16,536
1239,Por15,281
1240,Por12,1102
1241,Por9,803
1242,Por1,729
1242,Por23,1088
1242,Por27,262
1243,Por1,729
1243,Por23,1088
1243,Por27,262
1244,Por8,707
1245,Por25,1223
1267,BcmA,335
1268,BcmE,615
1269,BcmC,993
1270,BcmG,993
1271,BcmB,993
1272,BcmD,622
1273,BcmF,993
1274,Rv2275,512
1247,snoaD,754
1248,snoaE,28
1249,snoaM,829
1249,snoaB,616
1250,snoaC,676
1251,snoaL,939
1252,snoaF,1016
1253,snoaL2,873
1253,snoaW,683
1254,snogJ,300
1255,snogK,1271
1256,snogG2,369
1257,snogC,1265
1258,snogH,1124
1258,snogN,891
1259,snogI,640
1260,snogG,698
1261,snogA,958
1261,snogX,789
1262,snogZ,552
1262,snogD,253
1262,snogE,553
1263,snogZ,552
1263,snogD,253
1263,snogE,553
1264,snogZ,552
1264,snogD,253
1264,snogE,553
1266,snogY,692
1266,snogL,913
1266,snogM,906
1298,NeoC,1299
1299,NeoB,189
1300,NeoE,774
1301,NeoB,189
1302,Neo16,776
1303,NeoD,953
1304,NeoG,790
1304,NeoN,947
1305,NeoM,544
1305,NeoI,732
1305,NeoA,774
1306,NeoD,953
1307,NeoG,790
1307,NeoN,947
1276,KstA3,604
1276,KstA2,1006
1276,KstA1,1007
1277,KstA4,829
1277,KstA6,649
1277,KstA8,616
1277,KstA7,1070
1278,KstA15,237
1278,KstA16,683
1279,KstA11,708
1280,KstA11,708
1283,KstB1,143
1283,KstB2,929
1284,KstB5,665
1285,KstB7,1140
1286,KstB6,580
1287,KstB3,1003
1287,KstB4,751
1288,KstC6,641
1289,KstC1,1215
1290,KstC4,1037
1290,KstC3,844
1291,KstC2,1234
1291,KstC5,553
1293,KstA12,638
1294,KstD2,1017
1294,KstD1,829
1295,KstD9,638
1295,KstD6,939
1296,KstD7,578
1296,KstD8,708
1297,KstD4,1070
1297,KstD5,616
1308,BrtJ,242
1309,BrtJ,242
1310,BrtD,693
1311,BrtC,302
1312,BrtF,471
1312,BrtA,757
1312,BrtE,553
1313,BrtF,471
1313,BrtA,757
1313,BrtE,553
1315,ArgD,742
1316,ArgE,314
1318,ArgH,1275
1319,ArgF,530
1320,ArgM,834
1322,ArgN,685
1323,ArgM,834
1324,ArgK,1260
1324,ArgJ,542
1325,ArgK,1260
1325,ArgJ,542
1326,ArgL,977
1328,NatL1,653
1328,NatAC1,427
1328,NatS,1010
1329,NatAC2,828
1329,NatL2,861
1329,NatS,1010
1330,NatL2,861
1331,NatAM,1228
1332,NatAC1,427
1333,NatAM,1228
1335,BagA,401
1337,BagE,861
1340,BagB,1086
1341,BagC,840
24949,CazF,587
24949,CazM,836
24950,CazM,836
24951,CazI,268
24952,CazL,970
24953,CazF,587
24953,CazE,920
24954,CazE,920
24956,CazP,1135
1351,TamG,646
1351,TamH,829
1352,Tam C,1359
1353,TamO,684
1344,RhiH,857
1345,RhiE,567
1345,RhiF,567
1346,RhiG,416
1347,RhiG,416
1348,RhiJ,1213
1349,RhiC,542
1349,RhiM,542
1350,RhiI,403
1354,Pyr1,509
1355,Pyr2,937
1356,Pyr6,818
1357,Pyr5,1348
1358,Pyr4,624
1359,Pyr7,510
1360,Pyr3,1148
1361,Pyr8,1255
1362,Pyr9,1148
1363,Pyr8,1255
1364,AmbI1,1034
1364,AmbI2,1034
1365,AmbI3,938
1365,AmbI2,1034
1366,AmbP2,89
1367,AmbP1,813
1368,AmbO5,1292
1369,AmbP3,1232
1370,BorO,572
1371,BorD,702
1372,BorC,709
1372,BorP,701
1373,BorM1,672
1374,BorM2,672
1374,BorM3,180
1375,BorX2,760
1376,BorM2,672
1376,BorM3,180
1377,BorX1,1090
1378,BorX3,701
1379,PvcA,1034
1380,PvcB,938
1381,PvcC,718
1381,PvcD,720
1383,RebF,260
1383,RebH,568
1384,RebO,572
1385,RebC,990
1385,RebD,702
1385,RebP,701
1386,RebG,917
1387,RebM,534
1388,kanA,1299
1389,kanB,1002
1390,kanC,884
1391,kanD,1276
1392,kanE,1276
1392,kanF,953
1393,kanI,70
1394,kacL,947
1395,kanE,1276
1395,kanF,953
1396,ObaN,947
1397,ObaJ,863
1398,ObaL,1020
1399,ObaK,118
1400,ObaD,1214
1400,ObaE,1224
1401,ObaF,1280
1402,ObaF,1280
1403,ObaC,959
1404,ObaH,944
1405,ObaG,596
1406,ObaI,117
1407,ObaI,117
1407,ObaK,118
1408,ObaI,117
1409,PigI,697
1410,PigA,751
1412,PigE,1219
1413,PigF,133
1414,PigJ,393
1415,PigH,1222
1416,PigC,805
1416,PigN,115
1418,Ind1,677
1419,Ind3,399
1420,Ind7,670
1421,Ind2,539
1423,Ind6,3
1424,BarD,868
1425,BarB1,235
1425,BarC,559
1425,BarB2,236
1425,BarA,825
1426,BarJ,1042
1426,BarE,925
1427,BarF,867
1428,BarF,867
1429,BarG,869
1430,BarG,869
1432,BarI,985
1432,BarH,1053
1432,BarJ,1042
1433,TqaA,927
1434,TqaH,523
1435,TqaB,927
1437,TqaG,1094
1440,TqaI,654
1441,TqaE,970
1442,TqaC,1363
1443,TqaD,1172
1444,MmpD,562
1445,MmpD,562
1446,MmpD,562
1447,MmpD,562
1448,MmpA,562
1449,MmpA,562
1450,MupA,261
1451,MupH,1055
1452,MupJ,1112
1453,MupK,1112
1454,MupW,1129
1455,MmpB,560
1455,MupT,265
1456,MupV,826
1456,MupO,328
1456,MacpE,563
1457,MupC,955
1458,MupF,45
1459,DivK,96
1460,DivK,96
1461,DivK,96
1462,DivK,96
1463,DivE,1290
1464,DivL1,725
1465,DivL2,724
1466,DivL3,725
1467,DivM,724
1468,DivM,724
1469,DivN,730
1470,DivQ,484
1471,DivQ,484
1473,Amir_4627,1167
1474,Amir_4628,670
1475,cosC,249
1475,cosB,734
1476,cosT,1152
1476,cosG,553
1477,cosT,1152
1477,cosG,553
1478,cosK,553
1479,cosK,553
1482,BcmA,335
1483,BcmE,615
1484,BcmC,993
1485,BcmG,993
1486,BcmB,993
1487,BcmD,622
1488,BcmF,993
1489,ChyA,145
1490,ChyD,816
1490,ChyC,662
1491,ChyH,1094
1511,VioA,573
1512,VioB,702
1513,VioE,1
1514,VioD,528
1515,VioC,528
1493,EtuH,1182
1494,EtuM2,931
1495,EtuM1,671
1496,EtuA1,869
1497,EtuA2,592
1498,EtuA2,592
1499,EtuA2,592
1500,EtuA2,592
1501,EtuA2,592
1502,EtuA2,592
1503,EtuF3,872
1504,EtuO,881
1516,NocG,793
1517,NocF,1341
1518,NocN,1330
1519,NocG,793
1520,NocA,592
1521,NocA,592
1522,NocA,592
1523,NocB,592
1525,NocB,592
1529,Nat,502
1529,NocJ,1342
1529,NocL,777
1530,pcbAB,1246
1531,pcbC,993
1532,cefD1,993
1533,cefD2,1030
1535,cefEF,879
1536,cefEF,879
1537,cefG,1258
1539,PhqE,35
1541,PhqD,710
1543,PhqB,928
1544,PhqJ,571
1546,PhqK,970
1548,PhqL,1149
1549,PhqA,571
1550,PhqH,114
1550,PhqM,107
1551,PhqN,981
1552,PhqO,877
1553,PhqC,993
1554,LpmM,938
1555,LpmL,596
1556,LpmO,758
1557,LpmK,532
1558,LpmH,525
1559,LpmY,618
1560,LpmL,596
1560,LpmX,39
1561,LpmU,994
1562,LpmS,1187
1563,LpmB,630
1564,ApdA,1084
1565,ApdA,1084
1566,ApdA,1084
1567,ApdA,1084
1568,ApdA,1084
1569,ApdA,1084
1570,ApdC,587
1571,ApdE,1084
1585,AlloH,1299
1586,AlloG,1002
1587,AlloB,774
1588,AlloG,1002
1589,AlloE,790
1589,AlloD,1217
1590,AprD3,661
1590,AprD4,704
1591,TobM2,953
1572,SalL,1351
1573,SalT,1248
1574,SalN,1352
1575,SalM,514
1577,SalH,1350
1578,SalQ,1353
1579,SalS,1354
1580,SalG,1171
1581,SalA,660
1582,SalA,660
1583,SalB,592
1584,SalB,592
1584,SalA,660
1592,dacK,301
1593,dacH,785
1593,dacN,829
1593,dacM1,684
1594,dacO2,881
1594,dacO3,386
1595,dacE,1059
1596,dacO4,903
1596,dacJ,893
1596,dacO1,765
1597,dacS1,726
1599,dacS5,641
1600,dacS2,640
1601,sacS9,698
1602,dacS3,368
1603,dacS6,543
1605,dacS8,581
1607,dacM3,179
1608,dacQ,1180
1609,NeoC,1299
1610,NeoB,189
1611,NeoA,774
1612,NeoB,189
1613,Neo16,776
1614,NeoM,544
1615,NeoL,776
1616,NeoG,790
1617,NeoN,947
1618,NeoD,953
1619,NeoI,732
1620,NeoK,554
1621,NeoL,776
1622,NeoG,790
1623,NeoB,189
1624,NeoN*,530
1625,NokF,726
1625,NokG,1117
1626,NokP,317
1626,NokI,1265
1627,NokA,572
1628,NokB,702
1629,NokD,990
1629,NokC,701
1630,NokL,917
1631,NokJ,1152
1632,NokK,676
1633,FlaA,937
1651,NspJ,1209
1653,NspI,304
1654,NspH,840
1655,NspN,707
1656,NspF,987
1641,LlpCIII,619
1641,LlpCII,821
1641,LlpZIII,659
1641,LlpZI,659
1641,LlpZIV,1018
1641,LlpCI,646
1641,LlpZII,889
1642,LlpOIII,64
1643,LlpA,707
1645,LlpS,1138
1645,LlpOII,63
1645,LlpOV,763
1645,LlpOVIII,626
1645,LlpOI,270
1645,LlpU,661
1645,LlpL,438
1645,LlpOVI,321
1645,LlpOIV,316
1645,LlpOVII,1152
1645,LlpOIII,64
1646,LlpMVI,911
1646,LlpMIII,129
1646,LlpMV,741
1646,LlpMI,912
1646,LlpMIV,130
1646,LlpMII,910
1647,LlpOVII,1152
1647,LlpOVI,321
1647,LlpOIV,316
1648,LlpH,706
1649,LlpMVI,911
1649,LlpMIII,129
1649,LlpMV,741
1649,LlpMI,912
1649,LlpMIV,130
1649,LlpMII,910
1650,LlpN,69
24960,PrhL,836
24960,PrhE,819
24961,PrhM,183
24962,PrhF,1097
24963,PrhH,624
24964,PrhH,624
24965,PrhI,36
24966,PrhJ,1100
24967,PrhA,166
24968,PrhA,166
1675,EctB,1326
1676,EctA,1325
1677,EctC,1115
1657,ccbC,1216
1661,LmbM,698
1662,ccbZ,933
1663,LmbM,698
1664,ccbS,453
1665,ccbT,554
1666,ccbC,1216
1666,ccbZ,933
1666,ccbD,538
1667,ccbV,537
1668,ccbE,30
1670,ccbJ,535
1671,ccbF,532
1672,ccb5,1109
1672,ccb4,355
1673,ccb3,947
1674,ccb1,1172
1674,ccb2,653
1695,JadE,754
1696,JadD,338
1696,JadI,778
1697,JadF,1014
1698,JadH,1192
1700,JadH,1192
1700,JadG,689
1700,JadF,1014
1702,JadS,551
1678,Nes21,754
1678,Nes24,336
1678,Nes 26,277
1678,Nes25,728
1678,Nes20,778
1679,Nes27,689
1680,Nes32,1231
1680,Nes28,539
1680,Nes34,164
1680,Nes29,1057
1680,Nes33,1241
1680,Nes31,716
1681,Nes12,278
1681,Nes16,1099
1681,Nes15,279
1682,Nes12,278
1682,Nes16,1099
1682,Nes15,279
1684,Nes5,233
1685,Nes17,661
1687,Nes60,1078
1688,Nes51,292
1689,Nes8,641
1690,Nes45,640
1690,Nes50,786
1691,Nes46,954
1692,Nes47,949
1693,Nes41,119
1693,Nes42,906
1693,Nes44,789
1694,Nes40,759
1694,Nes49,759
1704,Mur22,500
1705,Mur17,498
1706,Mur24,532
1707,Mur23,1336
1708,Mur18,60
1708,Mur22,500
1708,Mur19,499
1708,Mur26,713
1708,Mur11,496
1708,Mur20,1219
1709,Mur16,938
1710,Mur15,497
1711,Mur14,825
1711,Mur27,592
1711,Mur12,592
1712,Mur12,592
1713,Mur16,938
1713,Mur21,592
1714,Mur13,592
1714,Mur25,592
1715,Mur30,665
1729,AfsA,1258
1732,BprA,1304
1717,LzrD,702
1717,LzrO,572
1718,LzrP,701
1720,LzrC,709
1721,LzrX1a,173
1723,LzrG,974
1724,LzrH1,569
1725,LzrH2,568
1726,LzrM1,672
1727,LzrM3,740
1728,LzrX1b,264
1734,PigI,697
1734,PigG,867
1735,PigA,751
1736,PigH,1222
1738,PigE,1219
1739,PigM,941
1740,PigF,133
1740,PigN,115
1741,PigD,940
1742,PigE,1219
1743,PigB,150
1744,PigC,805
1745,May13.,210
1745,May12.,651
1746,May17.,778
1747,May11.,728
1748,May8.,1192
1749,May10.,297
1750,May9.,1118
1751,May5.,641
1752,May7.,640
1753,May22.,1266
1754,May21.,759
1755,TbmA,1299
1756,TbmB,1002
1757,TacD,774
1758,TbmB,1002
1761,TacC,947
1761,TacB,790
1765,rbmA,1299
1766,rbmB,1002
1767,rbmG,790
1767,rbmC,799
1768,rbmB,1002
1770,rbmH,947
1770,rbmD,953
1770,rbmG,790
1770,rbmC,799
1771,rbmD,953
1772,dmaW,571
1773,easC,1183
1773,easF,1274
1773,easE,1094
1774,easA,908
1774,easG,1239
1774,easD,1251
1775,cloA,1084
1776,cloA,1084
1777,lpsB,312
1778,lpsA,927
1779,easH,935
1780,MrsA,686
1781,MrsB,834
1782,BacA,812
1783,BacB,1291
1785,BacG,1166
1786,BacF,1289
1787,BacC,1201
1788,BacD,1195
1789,AbeX1,1090
1791,AbeX2,760
1794,AbeM1,672
1795,AbeM2,960
1796,AbeM3,740
1797,AbeO,570
1798,AbeD,702
1800,AbeP,701
1802,AbeC,461
1803,AbeH,569
1804,MelB,566
1805,MelC,826
1806,MelD,825
1807,MelD,825
1808,MelE,823
1809,MelF,670
1810,MelG,930
1812,MelJ,945
1813,MelK,678
1814,FlsI,778
1814,FlsD,649
1815,FlsO3,1014
1816,FlsO2,1192
1818,FlsO1,387
1818,FlsG,689
1819,FlsS,1241
1819,FlsV,1057
1819,FlsN4,716
1819,FlsT,745
1819,FlsN3,1231
1819,FlsU2,539
1821,Arn21,646
1821,Arn33,659
1821,Arn20,821
1821,Arn19,619
1822,Arn37,169
1822,Arn22,969
1823,Arn17,274
1824,Arn27,676
1826,Arn1,1077
1826,Arn39,1271
1827,Arn2,843
1828,Arn40,1265
1829,Arn11,582
1829,Arn14,247
1830,Arn10,120
1831,Arn34,641
1832,Arn35,949
1832,Arn2,843
1833,Arn40,1265
1834,Arn11,582
1834,Arn14,247
1835,cmmE,358
1836,cmmM,1190
1837,cmmO,599
1838,cmmQ,13
1839,cmm17,766
1840,cmm17,766
1841,cmmSu,628
1842,cmmT,597
1843,cmmF,1226
1844,cmmG,601
1845,cmmO,599
1845,cmmR,922
1845,cmmN,598
1845,CmmH,1061
1846,cmmK,975
1846,cmmP,704
1846,cmmL,703
1862,lat,1181
1863,pcd,850
1864,pcbAB,1246
1865,pcbC,993
1866,cefE,879
1867,cefD,717
1847,Strop2197,650
1847,Strop2194,1023
1848,Strop2193,778
1849,Strop2193,778
1850,Strop2196,392
1851,Strop2196,392
1852,Strop2200,689
1855,Strop2189,1099
1855,Strop2188,1099
1856,Strop2185,400
1857,Strop2191,708
1858,Strop2220,759
1858,Strop2213,759
1859,Strop2220,759
1859,Strop2213,759
1860,Strop2220,759
1860,Strop2213,759
1861,Strop2220,759
1861,Strop2213,759
1893,VioA,573
1894,VioB,702
1895,VioE,1
1896,VioD,528
1897,VioC,528
1868,SimA5,650
1868,SimA6,754
1869,SimA4,778
1870,SimC3,559
1870,SimC2,559
1870,SimA12,775
1871,SimC7,71
1871,SimA9,55
1872,SimA13,701
1872,SimA8,728
1872,SimA7,57
1872,SimA10,54
1873,SimB1,1078
1874,SimB2,1271
1875,SimB3,1124
1878,SimB7,759
1879,SimB6,795
1880,SimC1A,724
1881,SimC1A,724
1882,SimC1B,725
1883,SimC1C,565
1884,SimC7,71
1884,SimC6,72
1886,SimC4,78
1886,SimC5,600
1887,SimD6,592
1888,SimD1,79
1889,SimD2,87
1890,SimD3,86
1892,SimD5,785
1898,MmpD,562
1899,MmpD,562
1900,MmpD,562
1901,MmpD,562
1902,MmpA,562
1903,MmpA,562
1904,MupA,261
1905,MupH,1055
1906,MupJ,1112
1907,MupK,1112
1908,MupW,1129
1909,MmpB,560
1909,MupT,265
1910,MupV,826
1910,MupO,328
1910,MacpE,563
1911,MupC,955
1912,MupF,45
1913,FzmC,857
1914,FzmD,847
1915,FzmB,534
1916,FzmG,938
1917,FzmL,943
1917,FzmM,942
1918,FzmQ,745
1919,FzmR,1241
1920,FzmF,1205
1920,FzmA,816
1920,FzmO,1231
1920,FzmN,716
1921,FzmH,749
1922,FzmF,1205
1922,FzmA,816
1922,FzmN,716
1923,FzmI,2
1924,tcmN,646
1925,tcmI,619
1926,tcmH,616
1927,tcmN,646
1928,tcmO,18
1929,tcmP,617
1930,tcmG,626
1931,LivA,750
1931,LivP,102
1931,LivL,750
1932,LivD,776
1932,LivF,554
1933,LivQ,790
1933,LivB,947
2694,StzE,804
2695,StzF,1035
2696,StzF,1035
2697,StzK,398
2697,StzH,842
2698,SznE,804
2699,SznF,1035
2700,SznF,1035
2701,SznF,1035
2702,SznH,1204
2702,SznK,396
2702,SznJ,414
2703,CyaB,837
2704,CyaC,1075
2705,CyaA,785
2706,CyaF,672
2707,CyaI,878
2708,CyaE,741
2709,CyaG,324
2710,CyaH,325
2711,CqsB7,1220
2712,CqsB3,614
2713,CqsB1,379
2714,CqsB2,545
2715,CqsB5,1283
2715,CqsB6,563
2716,FabG,798
2717,CqsB4,814
2719,SbzP,834
2720,SbzQ,938
2721,SbzM,1169
2722,SbzJ,850
2723,SbzL,408
2724,SbzI,244
2725,SbzH,1235
2725,SbzN,1032
2725,SbzO,373
2726,SbzH,1235
2726,SbzN,1032
2726,SbzO,373
2727,SbzH,1235
2727,SbzN,1032
2727,SbzO,373
2728,SbzF,889
2729,SbzE,184
2730,SbzA,1033
2731,SbzD,677
2732,SbzB,1216
2733,SbzC,243
2734,LooH,568
2735,LooO,570
2736,LooD,702
2737,LooC,709
2737,LooP,701
2738,LooP1,875
2739,LooG,917
2740,LooM,313
2741,LooG1,552
2742,LooM2,672
2743,LooS7,726
2744,LooS8,721
2745,LooS9,722
2746,LooS14,641
2747,LooS13,637
2747,LooS12,770
2748,LooS10,789
3821,Sgd15,547
3822,Sgd14,666
3822,Sgd16,548
3826,SgdE10,974
3828,SgdX2,627
3434,Sgd15,547
3435,Sgd14,666
3435,Sgd16,548
3438,SgdE10,974
3440,SgdX2,627
2749,Tjp10,569
2750,Tjp1,572
2751,Tjp2,702
2753,Tjp9,701
2754,Tjp7,1101
2754,Tjp8,280
2760,Tjp10,569
2761,Tjp1,572
2762,Tjp2,702
2764,Tjp9,701
2765,Tjp7,1101
2765,Tjp8,280
2766,Tjp10,569
2767,Tjp1,572
2768,Tjp2,702
2770,Tjp9,701
2771,Tjp7,1101
2771,Tjp8,280
2772,Tjp10,569
2773,Tjp1,572
2774,Tjp2,702
2776,Tjp9,701
2777,Tjp7,1101
2777,Tjp8,280
2783,Tjp10,569
2784,Tjp1,572
2785,Tjp2,702
2787,Tjp9,701
2788,Tjp7,1101
2788,Tjp8,280
3415,Sgd15,547
3416,Sgd14,666
3416,Sgd16,548
3418,SgdE10,974
3670,Sgd15,547
3671,Sgd14,666
3671,Sgd16,548
3675,SgdE10,974
3490,Sgd15,547
3491,Sgd14,666
3491,Sgd16,548
3495,SgdE10,974
2789,Luz1,592
2790,Luz1,592
2791,Luz1,592
2792,Luz2,592
2793,Luz2,592
2794,Luz2,592
2794,Luz1,592
2795,Luz25,875
2796,Luz26,875
2797,Luz27,919
2798,Ant24,1115
2799,Ant22,785
2799,Ant19,660
2800,Ant23,1195
2801,Ant14,1281
2801,Ant16,926
2802,Ant2,927
2803,Ant15,741
2804,Ant15,741
2805,CmnI,558
2806,CmnJ,284
2806,CmnL,1110
2807,CmnJ,284
2807,CmnL,1110
2808,CmnK,285
2809,CmnK,285
2810,CmnH,793
2811,CmnD,697
2812,CmnA,751
2813,CmnA,751
2814,CmnB,574
2815,CmnM,592
2816,CmnM,592
2817,CmnN,592
2818,CmnN,592
2819,CmnN,592
2820,CmnN,592
2821,CmnN,592
2824,Lon13,1285
2824,Lon14,1285
2826,Lon15,714
2827,Lon22,784
2828,Lon22,784
2830,Lon19,592
2831,Lon20,592
2832,Lon20,592
2833,Lon20,592
2834,Lon21,592
2835,Lon21,592
2838,Lon13,1285
2838,Lon14,1285
2840,Lon15,714
2841,Lon22,784
2842,Lon22,784
2844,Lon19,592
2845,Lon20,592
2846,Lon20,592
2847,Lon20,592
2848,Lon21,592
2849,Lon21,592
2850,cppB,592
2851,cppB,592
2852,cppB,592
2853,cppB,592
2854,cppA,665
2855,cppB,592
2856,cppB,592
2857,cppB,592
2858,cppB,592
2859,cppA,665
2860,cppM,592
2861,cppM,592
2862,cppM,592
2863,cppM,592
2864,CppI,1155
2864,CppJ,974
2865,cppA,665
2866,cppM,592
2867,cppM,592
2868,cppM,592
2869,cppM,592
2870,CppI,1155
2870,CppJ,974
2871,cppA,665
2578,AzpK,539
2579,AzpJ,201
2580,AzpE,1210
2581,AzpD,943
2582,AzpL,1041
2583,AzpI,1065
2584,AzpF,660
2584,AzpC,785
2585,AzpG,1104
2586,AzpN,1018
2587,AzpA,842
2553,Arg2,592
2554,Arg2,592
2555,Arg3,869
2556,Arg3,869
2557,Arg3,869
2558,Arg3,869
2559,Arg3,869
2560,Arg3,869
2561,Arg5,8
2562,Arg2,592
2563,Arg2,592
2564,Arg3,869
2565,Arg3,869
2566,Arg3,869
2567,Arg3,869
2568,Arg3,869
2569,Arg3,869
2570,Arg2,592
2571,Arg2,592
2572,Arg3,869
2573,Arg3,869
2574,Arg3,869
2575,Arg3,869
2576,Arg3,869
2577,Arg3,869
2661,Amc7,592
2662,Amc12,608
2663,Amc9,1287
2664,Amc11,664
2667,Amc2,796
2668,Amc1,950
2669,Amc15,593
2670,Amc4,1038
2671,Amc14,659
2672,Amc3b,578
2672,Amc3a,577
2674,AmcH,785
2675,AmcF,1026
2675,AmcB,606
2676,AmcG,345
2677,AmcE,1139
2678,AmcA,771
2679,AmcC,1027
2680,AmcD,611
2681,Amc18,1204
2872,AmiI,742
2873,AmiI,742
2874,AmiJ,1038
2875,AmiK,698
2876,AmiL,382
2877,AmiL,382
2878,AmiL,382
2879,AmiM,1224
2880,AmiB,441
2881,PamA,828
2882,PamA,828
2883,PamB,828
2884,PamB,828
2885,PamC,93
2886,PamC,93
2887,PamC,93
2888,PamD,828
2889,PamD,828
2890,PamC,93
2891,PamD,828
3685,MihI,1038
3686,MihK,257
3687,MihC2,577
3687,MihC1,578
3688,MihE,659
3689,MihF,673
3690,MihG,273
3691,MihB6,592
3692,MihB1,608
3693,MihB4,1287
3694,MihB2,425
3695,MihB5,827
3697,MihJ,796
3698,MihO,674
3699,MihA,395
3700,MihL,526
3702,MihI,1038
3703,MihK,257
3704,MihC2,577
3704,MihC1,578
3705,MihE,659
3706,MihF,673
3707,MihG,273
3708,MihB6,592
3709,MihB3,867
3709,MihB1,608
3710,MihB4,1287
3711,MihB2,425
3712,MihB5,827
3714,MihJ,796
3715,MihO,674
3716,MihA,395
3717,MihL,526
3791,McyG,825
3791,McyJ,59
3792,McyD,823
3793,McyD,823
3794,McyE,822
3795,McyF,1225
3796,McyA,868
3797,McyA,868
3797,McyI,855
3798,McyB,592
3799,McyB,592
3800,McyC,869
3801,McyC,869
3498,McyG,825
3498,McyJ,59
3499,McyD,823
3500,McyD,823
3501,McyE,822
3502,McyF,1225
3503,McyA,868
3504,McyA,868
3504,McyI,855
3505,McyB,592
3506,McyB,592
3507,McyC,869
3508,McyC,869
3887,McyG,825
3887,McyJ,59
3888,McyD,823
3889,McyD,823
3890,McyE,822
3891,McyF,1225
3892,McyA,868
3893,McyA,868
3893,McyI,855
3894,McyB,592
3895,McyB,592
3896,McyC,869
3897,McyC,869
3567,McyG,825
3567,McyJ,59
3568,McyD,823
3569,McyD,823
3570,McyE,822
3571,McyF,1225
3572,McyA,868
3573,McyA,868
3573,McyI,855
3574,McyB,592
3575,McyB,592
3576,McyC,869
3577,McyC,869
2588,Aha4,1214
2589,Aha6,1097
2589,Aha5,229
2590,Aha7,785
2591,Aha12,605
2592,Aha11,151
2595,Tsk6,991
2596,Tsk7,832
2597,Tsk10,149
2598,Tsk10,149
2599,Tsk10,149
2600,Tsk11,592
2601,Tsk12,592
2602,Aha11,151
2603,Aha4,1214
2604,Aha6,1097
2604,Aha5,229
2605,Aha7,785
2606,Aha12,605
2607,Aha11,151
2610,Tsk6,991
2611,Tsk7,832
2612,Tsk10,149
2613,Tsk10,149
2614,Tsk10,149
2615,Tsk11,592
2616,Tsk12,592
2617,Aha11,151
2618,Aha4,1214
2619,Aha6,1097
2619,Aha5,229
2620,Aha7,785
2621,Aha12,605
2622,Aha11,151
2625,Tsk6,991
2626,Tsk7,832
2627,Tsk10,149
2628,Tsk10,149
2629,Tsk10,149
2630,Tsk11,592
2631,Tsk12,592
2632,Aha11,151
2633,Tsk6,991
2634,Tsk7,832
2635,Tsk10,149
2636,Tsk10,149
2637,Tsk10,149
2638,Tsk11,592
2639,Tsk12,592
2640,Tsk6,991
2641,Tsk7,832
2642,Tsk10,149
2643,Tsk10,149
2644,Tsk10,149
2645,Tsk11,592
2646,Tsk12,592
2647,Tsk6,991
2648,Tsk7,832
2649,Tsk10,149
2650,Tsk10,149
2651,Tsk10,149
2652,Tsk11,592
2653,Tsk12,592
2654,Tsk6,991
2655,Tsk7,832
2656,Tsk10,149
2657,Tsk10,149
2658,Tsk10,149
2659,Tsk11,592
2660,Tsk12,592
2892,DetG,925
2893,DetG,925
2894,DetG,925
2895,DetF,592
2896,DetF,592
2897,DetG,925
2892,DetF,592
2893,DetF,592
2894,DetG,925
2895,DetG,925
2896,DetH,415
2896,DetG,925
2897,DetG,925
3655,McyG,825
3655,McyJ,59
3656,McyD,823
3657,McyD,823
3658,McyE,822
3659,McyF,1225
3660,McyA,868
3661,McyA,868
3661,McyI,855
3662,McyB,592
3663,McyB,592
3664,McyC,869
3665,McyC,869
2899,ThxA1,823
2900,ThxA1,823
2901,ThxA2,91
2902,ThxA2,91
2903,ThxA2,91
2904,ThxA2,91
2905,ThxA2,91
2906,ThxA2,91
2907,ThxA2,91
2908,OzeJ,989
2908,OzeF,6
2908,OzeE,905
2909,OzeJ,989
2909,OzeA,5
2910,OzeC,562
2910,OzeJ,989
2911,OzeC,562
2911,OzeJ,989
2912,OzeJ,989
2912,OzeG,560
2913,OzeJ,989
2913,OzeG,560
2914,OzeJ,989
2914,OzeG,560
2915,OzeJ,989
2915,OzeG,560
2916,OzeJ,989
2916,OzeG,560
2917,OzeH,7
2917,OzeO,695
2918,OzeH,7
2918,OzeM,896
2919,OzeH,7
2919,OzeJ,989
2920,OzeI,592
2922,OzeK,622
2922,OzeL,622
2924,Iso2,407
2925,Iso5,660
2926,Iso5,660
2927,Iso6,148
2928,Iso4,1044
2929,Iso6,148
2930,Iso3,1093
2931,Iso9,32
2932,Iso2,407
2933,Iso5,660
2933,Iso7,566
2934,Iso4,1044
2934,Iso6,148
2935,Iso6,148
2936,Iso6,148
2937,Iso6,148
2938,Iso6,148
2939,Iso6,148
2940,Iso6,148
2941,Iso3,1093
2941,Iso6,148
2942,Iso9,32
3578,NecC,826
3579,NecD,560
3580,NecE,825
3581,NecE,825
3582,NecF,560
3583,NecF,560
3584,NecF,560
3585,NecF,560
3586,NecG,824
3587,NecH,560
3588,NecH,560
3589,NecH,560
3593,NecH,560
3594,NecA,592
3595,NecA,592
3595,NecI,1108
2975,FtaA,566
2976,FtaB,825
2977,FtaB,825
2978,FtaC,823
2979,FtaD,670
2980,FtaE,930
2981,FtaF,1233
2982,FtaH,945
2982,FtaG,678
2975,ftaA,566
2976,ftaB,825
2977,ftaB,825
2978,ftaC,823
2979,ftaD,670
2980,ftaE,930
2981,FtaF,1233
2982,FtaH,945
2983,FtaG,678
2984,ftaA,566
2985,ftaB,825
2986,ftaB,825
2987,ftaC,823
2988,ftaD,670
2989,ftaE,930
2990,ftaF,1233
2991,ftaA,566
2992,ftaB,825
2993,ftaB,825
2994,ftaC,823
2995,ftaD,670
2996,ftaE,930
2997,ftaF,1233
3446,NecC,826
3447,NecD,560
3448,NecE,825
3449,NecE,825
3450,NecF,560
3451,NecF,560
3452,NecF,560
3453,NecF,560
3454,NecG,824
3455,NecH,560
3456,NecH,560
3457,NecH,560
3461,NecH,560
3462,NecA,592
3463,NecA,592
3463,NecI,1108
2944,ChmA,592
2945,ChmA,592
2946,ChmA,592
2947,ChmB,147
2948,ChmB,147
2949,ChmB,147
2950,ChmB,147
2951,ChmC,592
2952,ChmD,925
2953,ChmD,925
2954,ChmD,925
2955,ChmD,925
2958,ChmA,592
2959,ChmA,592
2960,ChmA,592
2961,ChmB,147
2962,ChmA,592
2963,ChmB,147
2964,ChmB,147
2965,ChmB,147
2966,ChmB,147
2967,ChmC,592
2968,ChmC,592
2969,ChmD,925
2970,ChmD,925
2971,ChmD,925
2972,ChmD,925
3854,NecC,826
3855,NecD,560
3856,NecE,825
3857,NecE,825
3858,NecF,560
3859,NecF,560
3860,NecF,560
3861,NecF,560
3862,NecG,824
3863,NecH,560
3864,NecH,560
3865,NecH,560
3869,NecH,560
2998,Anb10,1039
2999,Anb2,1089
3000,Anb1,1134
3001,Anb11,409
3002,Anb13,309
3003,Anb12,1040
3004,Anb3,230
3004,Anb6,563
3005,Anb15,1066
3006,AgmD,1147
3007,AgmC,1146
3008,AgmA,593
3009,AgmE,423
3010,AgmB,1062
3011,AgmF,681
3012,AgmF,681
3013,AgmF,681
3014,AgmF,681
3006,AgmD,1147
3007,AgmD,1147
3008,AgmC,1146
3009,AgmE,423
3010,AgmB,1062
3011,AgmF,681
3012,AgmA,593
3006,AgmD,1147
3007,AgmD,1147
3008,AgmC,1146
3009,AgmE,423
3010,AgmB,1062
3011,AgmF,681
3012,AgmA,593
2682,MacB,1091
2683,MacL,682
2683,MacP,859
2684,MacC,541
2685,MacC,541
2686,MacS,698
2686,MacV,698
2687,MacD,34
2688,MacF,690
2689,MacH,856
2690,MacT,1248
2690,MacI,1247
2691,MacA,950
2692,MacW,682
2692,MacK,682
2692,MacG,681
2692,MacJ,682
2693,MacT,1248
2693,MacI,1247
3040,HisG,1207
3041,HisI,845
3042,HisI,845
3043,HisA,846
3044,CofB,679
3047,CofB,679
3048,CofA,996
3015,ForC,680
3016,ForB,1241
3017,PurH,1196
3018,ForH,1196
3019,ForA,1008
3020,ForB,1241
3015,ForC,680
3016,ForB,1241
3017,PurH,1196
3018,ForH,1196
3019,ForA,1008
3020,ForB,1241
3021,ForP,922
3022,PrfK,999
3023,PrfJ,780
3024,PrfR,1073
3025,PrfS,642
3026,PrfE,747
3026,PrfD,747
3028,PrfM,842
3029,PrfU,841
3030,ForI,947
3031,ForF,855
3032,ForT,524
3033,ForC,680
3034,ForB,1241
3035,PurH,1196
3036,ForH,1196
3037,ForA,1008
3038,ForB,1241
3039,ForP,922
3022,FocC,680
3023,FocB,1241
3024,PurH,1196
3025,FocH,1196
3026,FocA,1240
3027,FocB,1241
3063,AnmE,704
3064,AnmB,687
3065,AnmD,950
3063,AnmE,704
3064,AnmB,687
3065,AnmD,950
3066,AnmC,156
3050,HbcE,704
3051,HbcB,546
3052,HbcD,112
3054,HbcH,665
3055,HbcF,676
3056,HbcG,181
3057,HbcI,735
3050,HbcE,704
3051,HbcB,546
3052,HbcD,112
3054,HbcH,665
3055,HbcF,676
3056,HbcG,181
3057,HbcI,735
3058,8-AzgF,1064
3059,8-AzgA,946
3061,8-AzgD,923
3058,PtnA,1064
3059,PtnF,946
3061,PtnC,730
3095,MinA,142
3096,MinA,142
3097,MinA,142
3098,MinA,142
3099,MinB,802
3100,MinC,833
3101,MinC,833
3095,MinA,142
3096,MinA,142
3097,MinA,142
3098,MinB,802
3099,MinC,833
3100,MinC,833
3067,PrfK,999
3068,PrfJ,780
3069,PrfR,1073
3070,PrfS,642
3071,PrfE,747
3071,PrfD,747
3073,PrfM,842
3074,PrfU,841
3076,PrfT,377
3077,PrfC,680
3078,PrfB,1241
3079,PrfF,860
3080,PyfH,999
3081,PyfG,780
3082,PyfI,683
3083,PyfI,683
3084,PyfJ,842
3085,PyfK,1073
3086,PyfO,642
3087,PyfA,1229
3088,PyfA,1229
3089,PyfB,841
3091,PyfB,841
3092,PyfQ,524
3093,PyfT,1241
3093,PyfP,679
3067,PyrN,780
3067,PyrM,999
3068,PyrL,683
3102,BagA,401
3104,BagE,861
3107,BagB,1086
3108,BagC,840
3906,DapC,808
3907,Dap18,665
3908,Dap15,41
3909,Dap17,665
3910,Dap17,665
3911,Dap14,665
3912,Dap16,665
3913,DapE,862
3914,DapD,863
3915,DapF,536
3917,DapB,533
3918,DapG,865
3919,Dap5,346
3920,DapC,808
3921,Dap18,665
3922,Dap15,41
3923,Dap17,665
3924,Dap17,665
3925,Dap14,665
3926,Dap16,665
3927,DapE,862
3928,DapD,863
3929,DapF,536
3931,DapB,533
3932,DapG,865
3933,DapS,838
3934,Dap5,346
3935,Dap1,106
3936,Dap2,749
3132,MloI,592
3133,MloK,1254
3134,MloI,592
3135,MloJ,822
3137,MloH,527
3132,MloI,592
3133,MloJ,822
3134,MloJ,822
3135,MloJ,822
3136,MloH,527
3111,DetF,592
3112,DetF,592
3113,DetG,925
3114,DetG,925
3115,DetH,415
3115,DetG,925
3116,DetG,925
3118,DetF,592
3119,DetF,592
3120,DetG,925
3121,DetG,925
3122,DetH,415
3122,DetG,925
3123,DetG,925
3125,DetF,592
3126,DetF,592
3127,DetG,925
3128,DetG,925
3129,DetH,415
3129,DetG,925
3130,DetG,925
3172,PaaA,17
3173,PaaB,880
3173,PaaA,17
3174,PsIdi,1029
3175,PsCrtE,820
3176,PsCrtB,1301
3177,PsCrtI,839
3178,PsCrtY,992
3179,PsCrtZ,1200
3203,LvqB7,787
3204,LvqB3,614
3205,LvqB5,196
3205,LvqB6,426
3207,LvqB1,195
3208,LvqB2,545
3209,LvqB9,1165
3210,LvqB4,814
3138,Ams4,697
3139,Ams3,751
3140,Ams22,574
3141,Ams6,566
3142,Ams6,566
3143,Ams14,792
3143,Ams13,775
3144,Ams7,660
3147,Ams15,652
3148,Ams16,161
3149,Ams4,697
3150,Ams3,751
3151,Ams22,574
3152,Ams6,566
3153,Ams6,566
3154,Ams14,792
3154,Ams13,775
3155,Ams7,660
3158,Ams15,652
3159,Ams16,161
3160,Ams4,697
3161,Ams3,751
3162,Ams22,574
3163,Ams6,566
3164,Ams6,566
3165,Ams7,660
3168,Ams15,652
3169,Ams16,161
3170,Ams14,792
3170,Ams13,775
3180,Bra2,258
3181,Bra5,760
3182,Bra4,1125
3183,Bra3,815
3184,Bra6,878
3185,Bra1,787
3186,Bra0,1127
3187,Bra11,740
3188,Bra10,768
3188,Bra8,739
3189,Bra7,653
3190,Bra9,1043
3192,Bra2,258
3193,Bra5,760
3194,Bra4,1125
3195,Bra3,815
3196,Bra6,878
3197,Bra1,787
3198,Bra10,768
3199,Bra8,739
3200,Bra7,653
3201,Bra9,1043
3212,Sora9,623
3213,Sora8,1305
3213,Sora12,1305
3214,Sora7,622
3211,Sora18,921
3212,Sora4,1173
3212,Sora13,983
3214,Sora14,675
3216,Sora9,623
3217,Sora8,1305
3217,Sora12,1305
3218,Sora18,921
3219,Sora4,1173
3219,Sora13,983
3221,Sora14,675
3223,Sora9,623
3224,Sora8,1305
3224,Sora12,1305
3226,MrtE,383
3227,MrtE,383
3228,MrtB,607
3229,MrtD,1198
3229,MrtC,1026
3230,MrtD,1198
3230,MrtC,1026
3232,MrtP,1080
3233,MrtA,556
3234,MrtJ,1084
3234,MrtK,1161
3235,MrtJ,1084
3235,MrtK,1161
3236,MrtG,760
3238,MrtE,383
3239,MrtE,383
3240,MrtB,607
3241,MrtD,1198
3241,MrtC,1026
3242,MrtD,1198
3242,MrtC,1026
3244,MrtP,1080
3245,MrtA,556
3248,MrtG,760
3277,vemA,558
3277,VemB,1111
3277,VemD,460
3278,VemC,1128
3279,VemE,625
3280,VemF,782
3281,VemG,564
3282,VemG,564
3283,VemH,565
3284,VemH,565
3285,VemA,558
3285,VemB,1111
3285,VemD,460
3286,VemC,1128
3287,VemE,625
3288,VemF,782
3289,VemG,564
3290,VemG,564
3291,VemH,565
3292,VemH,565
3293,VemJ,706
3293,VemL,893
3293,VemK,269
3249,ThnA,557
3250,ThnA,557
3251,ThnM3,911
3251,ThnM2,672
3252,ThnM3,911
3252,ThnM2,672
3253,ThnM3,911
3253,ThnM2,672
3254,ThnG,601
3255,ThnM1,692
3256,ThnA,557
3257,ThnA,557
3258,ThnM3,911
3258,ThnM2,672
3259,ThnM3,911
3259,ThnM2,672
3260,ThnM3,911
3260,ThnM2,672
3261,ThnM3,911
3261,ThnM2,672
3249,ThnA,557
3250,ThnA,557
3251,ThnM2,672
3251,ThnM3,911
3252,ThnM2,672
3252,ThnM3,911
3253,ThnM2,672
3253,ThnM3,911
3254,ThnG,601
3255,ThnM1,692
3294,Skt9,1015
3295,Skt10,650
3296,Skt5,779
3296,Skt15,829
3297,Skt12,46
3297,Skt16,700
3297,Skt13,699
3301,Skt9,1015
3302,Skt10,650
3303,Skt5,779
3303,Skt15,829
3304,Skt13,699
3304,Skt12,46
3304,Skt16,700
3262,MmyQ,402
3263,MmyY,829
3264,MmyL,785
3265,MmyX,779
3266,MmyOII,881
3267,MmyTII,662
3268,MmyOII,881
3269,MmyTI,211
3270,MmyMI,131
3271,MmyGIV,581
3272,MmyGIII,581
3273,MmyGIV,581
3274,MmyC,794
3275,MmyGII,552
3275,MmyGI,552
3276,MmyW,1019
3276,MmyOIV,882
3596,SxnA5,47
3596,SxnA6,650
3597,SxnA1,778
3598,SxnA1,778
3600,SxnO1,76
3600,SxnO2,728
3601,SxnO3,904
3603,SxnM1,673
3509,SxnA5,47
3509,SxnA6,650
3510,SxnA1,778
3511,SxnA1,778
3513,SxnO1,76
3513,SxnO2,728
3514,SxnO3,904
3516,SxnM1,673
3678,SxnA5,47
3678,SxnA6,650
3679,SxnA1,778
3680,SxnA1,778
3309,LldC2,754
3310,LldC4,651
3311,LldC1,584
3313,LldO5,736
3314,LldO4,893
3315,LldU4,141
3315,LldC3,712
3316,LldC3,712
3316,LldU4,141
3317,LldO7,876
3317,LldO6,326
3318,LldM4,658
3319,LldM3,658
3320,LldO10,878
3321,LldM2,128
3322,LldB11,1078
3323,LldB12,1117
3324,LldB8,291
3325,LldB7,290
3326,LldB2,295
3327,LldM1,1123
3328,LldB3,553
3329,LldO3,209
3330,LldO2,878
3331,TxnB5,698
3332,LldM1,1123
3333,LldB5,552
3334,LldB4,552
3335,LldB6,919
3648,SxnA5,47
3648,SxnA6,650
3649,SxnA1,778
3650,SxnA1,778
3541,SxnA5,47
3541,SxnA6,650
3542,SxnA1,778
3543,SxnA1,778
3549,SxnM1,673
3847,SxnA5,47
3847,SxnA6,650
3848,SxnA1,778
3849,SxnA1,778
3851,SxnO1,76
3851,SxnO2,728
3464,SxnA5,47
3464,SxnA6,650
3465,SxnA1,778
3466,SxnA1,778
3468,SxnO1,76
3468,SxnO2,728
3718,SxnA5,47
3718,SxnA6,650
3719,SxnA1,778
3720,SxnA1,778
3722,SxnO1,76
3722,SxnO2,728
3563,JuiD,754
3564,JuiE,648
3565,JuiH,778
3566,JuiF,612
3751,SxnA5,47
3751,SxnA6,650
3752,SxnA1,778
3753,SxnA1,778
3755,SxnO1,76
3755,SxnO2,728
3442,JuiD,754
3443,JuiE,648
3444,JuiH,778
3445,JuiF,612
3898,JuiD,754
3899,JuiE,648
3900,JuiH,778
3901,JuiE,648
3902,JuiH,778
3903,JuiF,612
3606,JuiD,754
3607,JuiE,648
3608,JuiH,778
3609,JuiE,648
3610,JuiH,778
3611,JuiF,612
3612,JuiL,904
3613,JuiM,1045
3614,JuiI,1155
3615,JuiN,882
3551,JuiD,754
3552,JuiE,648
3553,JuiH,778
3554,JuiE,648
3555,JuiH,778
3556,JuiF,612
3559,JuiL,904
3560,JuiM,1045
3562,JuiN,882
3616,EncP,733
3617,EncH,1245
3618,EncI,766
3619,EncJ,1197
3620,EncA,734
3620,EncB,753
3620,EncC,606
3621,EncD,207
3622,EncM,892
3625,EncK,741
3520,EncP,733
3521,EncH,1245
3522,EncI,766
3523,EncJ,1197
3524,EncA,734
3524,EncB,753
3524,EncC,606
3525,EncD,207
3526,EncM,892
3529,EncK,741
3530,EncR,735
3802,Cer20,659
3802,Cer8,659
3803,Cer22,646
3804,Cer22,646
3805,Cer28,821
3806,Cer25,619
3807,Cer25,619
3808,Cer17,171
3809,Cer21,546
3809,Cer18,689
3810,Cer19,172
3810,Cer5,168
3811,Cer4,707
3811,Cer2,1218
3636,Cer20,659
3636,Cer8,659
3637,Cer22,646
3638,Cer22,646
3639,Cer28,821
3640,Cer25,619
3641,Cer25,619
3642,Cer17,171
3643,Cer21,546
3643,Cer18,689
3643,Cer19,172
3643,Cer5,168
3644,Cer4,707
3644,Cer2,1218
3421,TjhC3,224
3422,TjhC4,651
3423,TjhC1,829
3424,TjhC2,779
3425,TjhO1,620
3426,TjhO3,881
3426,TjhO2,760
3427,TjhO4,626
3428,TjhD3,885
3428,TjhD5,197
3726,TjhC3,224
3727,TjhC4,651
3728,TjhC1,829
3729,TjhC2,779
3730,TjhO1,620
3731,TjhO3,881
3731,TjhO2,760
3732,TjhO4,626
3733,TjhD3,885
3733,TjhD5,197
3734,TjhD1,699
3336,StmF,1181
3337,StmF,1181
3341,StmF,1181
3342,StmF,1181
3346,StmF,1181
3347,StmF,1181
3351,StmF,1181
3352,StmF,1181
3355,StmF,1181
3356,StmF,1181
3360,StmF,1181
3361,StmF,1181
3364,StmF,1181
3365,StmF,1181
3369,StmF,1181
3370,StmF,1181
3373,StmF,1181
3374,StmF,1181
3378,StmF,1181
3379,StmF,1181
3383,StmF,1181
3384,StmF,1181
3870,TjhC3,224
3871,TjhC4,651
3872,TjhC1,829
3873,TjhC2,779
3874,TjhO1,620
3875,TjhO3,881
3875,TjhO2,760
3876,TjhD2,417
3876,TjhC5,650
3877,TjhO5,896
3878,TjhD4,683
3879,TjhB1,726
3880,TjhB2,1117
3881,TjhB8,949
3881,TjhB7,641
3882,TjhB6,951
3883,TjhB5,951
3884,TjhB10,578
3884,TjhB9,578
3885,TjhB8,949
3886,TjhB4,581
3886,TjhB3,552
3830,TjhC3,224
3831,TjhC4,651
3832,TjhC1,829
3833,TjhC2,779
3834,TjhO1,620
3835,TjhO3,881
3835,TjhO2,760
3836,TjhD2,417
3836,TjhC5,650
3837,TjhO5,896
3838,TjhD4,683
3839,TjhB1,726
3840,TjhB2,1117
3841,TjhB8,949
3841,TjhB7,641
3842,TjhB6,951
3843,TjhB5,951
3844,TjhB10,578
3844,TjhB9,578
3845,TjhO7,720
3845,TjhO6,318
3846,TjhB4,581
3846,TjhB3,552
3735,TjhC3,224
3736,TjhC4,651
3737,TjhC1,829
3738,TjhC2,779
3739,TjhO1,620
3740,TjhO3,881
3740,TjhO2,760
3741,TjhD2,417
3741,TjhC5,650
3742,TjhO5,896
3743,TjhD4,683
3744,TjhB1,726
3745,TjhB2,1117
3746,TjhB8,949
3746,TjhB7,641
3747,TjhB6,951
3748,TjhB5,951
3750,TjhB3,552
3470,TjhC3,224
3471,TjhC4,651
3472,TjhC1,829
3473,TjhC2,779
3474,TjhO1,620
3475,TjhO3,881
3475,TjhO2,760
3476,TjhD2,417
3476,TjhC5,650
3477,TjhO5,896
3478,TjhB1,726
3479,TjhB2,1117
3480,TjhB8,949
3480,TjhB7,641
3481,TjhB6,951
3482,TjhB5,951
3483,TjhB10,578
3483,TjhB9,578
3484,TjhO7,720
3484,TjhO6,318
3485,TjhB4,581
3485,TjhB3,552
3775,TjhC3,224
3776,TjhC4,651
3777,TjhC1,829
3778,TjhC2,779
3779,TjhO1,620
3780,TjhO3,881
3780,TjhO2,760
3781,TjhD2,417
3781,TjhC5,650
3782,TjhO5,896
3783,TjhB1,726
3784,TjhB2,1117
3785,TjhB8,949
3785,TjhB7,641
3786,TjhB6,951
3787,TjhB5,951
3788,TjhB10,578
3788,TjhB9,578
3789,TjhB8,949
3790,TjhB4,581
3790,TjhB3,552
3760,TjhC3,224
3761,TjhC4,651
3762,TjhC1,829
3763,TjhC2,779
3764,TjhO1,620
3765,TjhO3,881
3765,TjhO2,760
3766,TjhD2,417
3766,TjhC5,650
3767,TjhO5,896
3768,TjhB1,726
3769,TjhB2,1117
3770,TjhB8,949
3770,TjhB7,641
3771,TjhB6,951
3772,TjhB5,951
3774,TjhB3,552
3388,SprQ,1171
3389,SprP,1011
3389,SprR,448
3390,SprP,1011
3390,SprR,448
3392,SprO,1171
3393,SprA,176
3394,SprA,176
3395,SprB,561
3396,SprC,566
3399,SprT,765
3402,CprE,964
3402,CprN,1297
3404,CprH,592
3405,CprH,592
3406,CprI,592
3407,CprI,592
3408,CprI,592
3409,CprI,592
3410,CprI,592
1939,Fub1,587
1940,Fub4,1329
1941,Fub8,1330
1942,Fub6,1137
1944,Fub5,486
1944,Fub3,1209
1945,Fub7,631
1946,Fub9,1330
1946,Fub7,631
1949,Fub9,1330
1982,MmyC,794
1983,MmyD,1333
1985,MmyO,1334
1985,MmyF,893
1973,Pur10,110
1974,Pur4,1279
1975,Pur6,19
1976,Pac,800
1977,Pur5,749
1978,Pur5,749
1979,Pur3,968
1980,DmpM,914
1981,NapH,165
1950,XanZ3,659
1951,XanZ4,659
1953,XanC1,646
1953,XanC2,344
1954,XanC2,344
1955,XanC3,619
1955,XanC2,344
1956,XanC2,344
1957,XanO8,546
1958,XanO10,546
1959,XanO7,66
1959,XanO6,65
1960,XanO7,66
1960,XanO10,546
1960,XanO6,65
1961,XanM1,916
1962,XanO4,626
1963,XanH,706
1965,XanA,707
1966,XanM2,135
1968,XanO2,319
1971,XanZ1,889
1971,XanZ2,738
1972,XanO5,626
1986,WelP2,90
1987,WelI1,1034
1987,WelI2,1034
1988,WelI3,938
1988,WelI2,1034
1989,WelP1,813
1990,WelO1,1130
1991,WelO2,1130
1992,WelO5,1292
1992,WelO3,1130
1993,Orf2,157
1994,Orf3,1186
1995,Orf5,677
1996,Orf4,803
1997,Orf5,677
1998,Orf5,677
1999,Orf9,213
2000,GrhE,376
2000,GrhQ,619
2000,GrhS,343
2000,GrhT,646
2001,GrhO8,626
2001,GrhM,546
2001,GrhO9,626
2001,GrhL,916
2001,GrhP,707
2002,GrhO5,709
2002,GrhO1,892
2003,GrhO6,765
2003,GrhJ,540
2004,GrhO10,659
2004,GrhT,646
2005,GrhO7,896
2005,GrhO3,878
2006,AmbI1,1034
2006,AmbI2,1034
2007,AmbI3,938
2007,AmbI2,1034
2008,AmbP2,89
2009,AmbP1,813
2010,AmbP3,1232
2012,rbmA,1299
2013,rbmB,1002
2014,rbmG,790
2014,rbmC,799
2015,rbmB,1002
2017,rbmH,947
2017,rbmD,953
2017,rbmG,790
2017,rbmC,799
2018,rbmD,953
2019,CEAS,1185
2020,BLS,1186
2021,CAS,1177
2022,PAH,806
2023,CAS,1177
2024,CAS,1177
2025,Atr,1179
2026,Oxr,895
2027,Hmt,596
2028,Lig,245
2029,PolB,595
2030,PolA,549
2031,PolJ,104
2032,PolH,49
2033,PolK,880
2033,PolD,1049
2034,PolF,175
2035,PolC,1049
2036,PolE,541
2037,PolN-1,1226
2038,PolP,1257
2039,PolM-1,1021
2040,PolM-2,1021
2041,PolN-2,1226
2042,PolO,360
2043,PolL,525
2044,PolG,542
2045,PolI,834
2046,arm4,339
2046,arm1,741
2046,arm6,620
2046,arm2,649
2046,arm3,829
2046,arm5,200
2047,arm17,875
2047,arm15,1092
2047,arm16,773
2048,arm36,1124
2049,arm24,640
2049,arm35,152
2049,arm22,639
2049,arm23,698
2049,arm34,789
2050,arm25,553
2050,arm33,553
2051,arm28,451
2052,arm29,442
2052,arm31,639
2052,arm30,789
2053,arm25,553
2053,arm33,553
2054,arm8,1006
2054,arm9,605
2054,arm7,1007
2070,FzmC,857
2071,FzmD,847
2055,dnrC,676
2055,dnrG,418
2056,dnrD,1238
2057,dnrE,1016
2058,dnrF,1095
2059,dnmS,553
2060,dnrP,691
2061,dnrP,691
2062,doxA,890
2063,doxA,890
2064,dnrK,978
2065,dnmL,726
2067,dnmZ,886
2067,dnmT,641
2067,dnmQ,974
2068,dnmJ,640
2069,dnmV,698
2074,AlnQ,23
2074,AlnP,1023
2075,AlnR,584
2076,Aln5,746
2076,Aln4,727
2080,Aln7,902
2080,Aln6,901
2081,AlnT,736
2081,AlnH,893
2082,AlnO,111
2083,AlnA,802
2083,AlnB,860
2084,AprE,799
2084,AprS,1002
2084,AprC,1299
2091,AprD3,661
2091,AprD4,704
2092,DhpE,857
2093,DhpF,847
2094,DhpG,851
2095,DhpA,938
2096,DhpB,1131
2097,DhpC,1303
2098,DhpD,834
2099,DhpH_N,833
2100,DhpH_C,833
2101,DhpK,995
2102,DhpI,741
2103,pamH,857
2104,pamF,567
2104,pamE,567
2105,pamG,1295
2106,pamI,1212
2107,pamJ,1213
2109,CabH,927
2110,CabI,1156
2111,CabJ,737
2111,CabK,771
2112,CabR10,711
2112,CabR11,1073
2114,CabL,1243
2115,Cabhal,706
2116,hrbO,362
2116,hrbM,609
2116,hrbC,734
2116,hrbE,1012
2117,hrbP,337
2118,hrbB,778
2119,hrbI,772
2121,hrbU,910
2122,hrbW,729
2122,hrbX,736
2123,SdmE,580
2123,SdmG,580
2124,SdmD,929
2125,SdmM,1143
2126,SdmF,751
2127,SdmE,580
2127,SdmG,580
2128,SdmA,802
2128,SdmB,860
2129,SdmN,898
2129,SdmH,1141
2129,SdmP,1142
2148,GliP,927
2149,GliC,1151
2150,GliG,986
2151,GliK,1083
2152,GliJ,810
2153,GliI,809
2154,GliF,1148
2154,GliH,591
2154,GliC,1151
2155,GliN,961
2156,GliT,603
2130,AmiE,1121
2131,AmiU,199
2132,AmiB,441
2133,AmiH,1193
2134,AmiC,641
2135,AmiD,950
2136,AmiN,951
2137,AmiK,698
2138,AmiI,742
2139,AmiJ,1038
2140,AmiF,1082
2141,AmiM,1224
2142,AmiA,796
2143,AmiL,382
2144,AmiS,1072
2145,AmiT,592
2146,AmiR,989
2147,AmiG,246
2157,ActIII,754
2158,ActVII,647
2159,ActIV,584
2160,ActVI-1,645
2161,ActVI-2,896
2162,ActVA-5,736
2162,ActVB,893
2163,ActVA-5,736
2163,ActVB,893
2164,ActVA-4,708
2165,pcbAB,1246
2166,pcbC,993
2167,penDE,1031
2174,DdaD,928
2174,DdaE,559
2174,DdaC,934
2175,DdaA,1145
2175,DdaB,1144
2176,DdaG,1206
2177,DdaH,816
2178,DdaF,542
2168,PdmD,646
2169,PdmL,1168
2169,PdmH,404
2169,PdmG,659
2169,PdmK,619
2170,PdmW,777
2170,PdmN,707
2170,PdmJ,735
2172,PdmO,789
2172,PdmS,917
2172,PdmQ,667
2179,AzicP,607
2179,AzicM,1242
2179,AzicT,731
2180,AzicN,1133
2181,AzicO6,889
2181,AzicO2,777
2181,AzicO1,773
2185,BrtJ,242
2186,BrtD,693
2187,BrtC,302
2188,BrtA,757
2188,BrtE,553
2189,SfmO5,811
2190,SfmM2,997
2190,SfmM3,914
2191,SfmD,723
2192,SfmA,146
2193,SfmB,592
2194,SfmC,822
2196,SfmCy1,892
2196,SfmCy2,892
2197,SfmM1,672
2197,SfmO2,765
2198,SfmO4,622
2199,SfmO1,899
2202,FrbD,857
2203,FrbC,848
2204,FrbA,849
2205,FrbB,539
2205,FrbE,1028
2207,FrbH,458
2209,FrbF,1175
2210,FrbF,1175
2212,AbxD,619
2213,AbxC,646
2214,AbxM,684
2239,IstC,1299
2239,IstS,1277
2240,IstM,953
2241,IstE,306
2241,IstS,1277
2242,IstQ,790
2243,IstU,162
2244,IstP,100
2244,IstX,772
2244,IstW,1076
2244,IstO,907
2245,IstL,530
2245,IstN,672
2246,IstZ,963
2247,IstB,947
2215,SsfU,220
2216,SsfY1,650
2217,SsfY2,584
2219,SsfM4,684
2220,SsfO2,881
2221,SsfF,700
2222,SsfO1,391
2223,SsfM2,914
2223,SsfM1,911
2224,SsfP,904
2225,SsfS1,726
2226,SsfS2,1271
2227,SsfS3,641
2228,SsfS4,949
2229,SsfS5,698
2230,SsfS6,581
2231,SsfH,40
2232,SsfL1,653
2233,SsfX3,994
2234,SsfE,775
2235,SsfN,1011
2236,SsfK,219
2237,SsfJ,767
2238,SsfG,1010
2248,CrmC,1001
2249,CrmD,1096
2250,CrmE,653
2251,CrmE,653
2252,CrmA,822
2253,CrmI,1253
2258,CrmJ,559
2259,CrmL,1227
2260,CrmN,598
2260,CrmO,482
2261,CrmG,788
2262,CrmH,543
2263,CrmM,914
2264,ppm,1347
2265,ppd,847
2266,phpC,851
2267,phpD,1051
2268,phpE,1048
2269,phpJ,56
2270,phpF,1170
2271,phpG,852
2272,phpH,1114
2273,phpI,1184
2274,pms,1346
2275,pmi,849
2278,pat,1316
2279,phsA,918
2280,phsB,592
2281,phsC*,592
2282,phpM,559
2282,phpL,559
2282,phpA,988
2283,phpK,704
2284,dea,483
2293,ThdA,9
2293,NpsA,868
2294,NpsB,822
2298,TnaA,1004
2285,pynD,670
2285,pynC,697
2286,pynE,574
2286,pynB,751
2287,pynG,566
2288,pynH,826
2289,pynI,566
2290,pynJ,566
2291,pynK,559
2292,pynA,741
2300,TblD,643
2301,TblD,643
2303,TabB,1358
2304,TabD,232
2305,TabA,1336
2306,TblF,542
2307,TblS,816
2308,TblC,1331
2309,YvmC,1167
2310,CypX,801
2311,DcsE,998
2313,DcsB,956
2314,DcsD,711
2315,DcsG,1164
2315,DcsH,542
2316,ChaS1,726
2317,ChaS2,1269
2318,ChaS4,698
2318,ChaS3,546
2319,ChaM,672
2320,ChaC,604
2320,ChaB,351
2320,ChaA,734
2321,ChaD,754
2322,ChaG,829
2322,ChaF,648
2323,ChaH,293
2323,ChaI,676
2324,ChaK,282
2324,ChaJ,873
2325,ChaL,202
2327,ChaZ,203
2331,ChaP,350
2332,ChaGT1,552
2332,ChaGT2,1071
2333,ChaGT1,552
2333,ChaGT2,1071
2335,dnrC,676
2336,dnrD,1238
2338,dnrF,1095
2339,dnmS,553
2340,dnrP,691
2341,dnrP,691
2342,doxA,890
2343,doxA,890
2344,dnrK,978
2345,dnmL,726
2347,dnmT,641
2347,dnmZ,886
2349,dnmV,698
2350,PenN,592
2351,PenM,506
2352,PenL,333
2353,PenA,1345
2356,PenI,571
2357,PenH,1094
2358,PenG,571
2359,PenE,1097
2360,PenF,50
2361,PenD,505
2362,SulI,813
2363,SulM,592
2364,SulM,592
2365,SulN,627
2366,SulO,1127
2367,SulP,672
2368,BtrC,1299
2369,BtrS,1277
2371,BtrS,1277
2372,BtrM,953
2373,BtrD,776
2375,BtrJ,1195
2376,BtrK,830
2377,BtrJ,1195
2378,BtrO,747
2378,BtrV,227
2379,BtrH,538
2380,BtrG,1194
2392,NeoC,1299
2393,NeoB,189
2394,NeoE,774
2395,NeoB,189
2396,Neo16,776
2397,NeoD,953
2398,NeoG,790
2398,NeoN,947
2399,NeoM,544
2399,NeoI,732
2399,NeoA,774
2400,NeoD,953
2401,NeoG,790
2401,NeoN,947
2381,IfnN,194
2381,IfnO,753
2382,IfnK,829
2382,IfnJ,94
2385,IfnQ,971
2386,IfnF,1104
2389,IfnR,736
2389,IfnH,736
2389,IfnS,910
2390,IfnR,736
2390,IfnH,736
2390,IfnS,910
2391,IfnR,736
2391,IfnH,736
2391,IfnS,910
2446,PxaA,869
2447,PxaB,764
2448,PxaB,764
2449,PxaB,764
2450,PxaB,764
2428,BexB,1012
2428,BexC,606
2428,BexA,734
2429,BexL,648
2429,BexD,361
2430,BexF,778
2431,BexI,616
2431,BexE,1191
2432,BexM,109
2433,BexK,890
2434,BexU,1077
2435,BexS,636
2436,BexV,641
2437,BexQ,949
2438,BexO,720
2438,BexT,951
2440,BexG1,73
2442,BexX,602
2444,BexG2,757
2402,SimA5,650
2402,SimA6,754
2403,SimA4,778
2404,SimC3,559
2404,SimC2,559
2404,SimA12,775
2405,SimC7,71
2405,SimA9,55
2406,SimA13,701
2406,SimA8,728
2406,SimA7,57
2406,SimA10,54
2407,SimB1,1078
2408,SimB2,1271
2409,SimB3,1124
2412,SimB7,759
2413,SimB6,795
2414,SimC1A,724
2415,SimC1A,724
2416,SimC1B,725
2417,SimC1C,565
2418,SimC7,71
2418,SimC6,72
2420,SimC4,78
2420,SimC5,600
2421,SimD6,592
2422,SimD1,79
2423,SimD2,87
2424,SimD3,86
2426,SimD4,798
2427,SimD5,785
2451,ChdQII,648
2451,ChdT,1015
2452,ChdQI,650
2452,ChdX,779
2453,ChdMI,684
2454,ChdOI,760
2454,ChdOIII,187
2454,ChdOII,108
2455,ChdMII,976
2456,ChdN,793
2457,NokF,726
2457,NokG,1117
2458,NokP,317
2458,NokI,1265
2459,NokA,572
2460,NokB,702
2461,NokD,990
2461,NokC,701
2462,NokL,917
2463,NokJ,1152
2464,NokK,676
2477,ZhuH,450
2478,ZhuA,354
2478,ZhuB,734
2479,ZhuI,648
2480,ZhuJ,829
2481,ZhuK,1099
2481,ZhuM,765
2465,StaO,572
2466,StaD,702
2467,StaP,701
2468,StaA,726
2469,StaB,435
2470,StaJ,641
2471,StaI,640
2472,StaK,698
2473,StaMA,534
2474,StaG,917
2475,StaN,330
2476,StaMB,906
2482,novV,1077
2483,novT,434
2484,novS,1265
2485,novU,1174
2486,novO,672
2490,novL,422
2490,novH,592
2491,novM,553
2492,novN,356
2492,novP,132
2493,cpz15,938
2494,cpz14,234
2495,cpz17,758
2495,cpz18,1219
2495,cpz25,1136
2495,cpz16,138
2495,cpz19,51
2496,cpz11,534
2496,cpz26,675
2497,cpz15,938
2497,cpz10,525
2498,cpz11,534
2498,cpz26,675
2499,cpz23,994
2499,cpz15,938
2499,cpz10,525
2500,cpz21,1187
2501,Cpz31,553
2502,Cpz29,123
2502,Cpz30,692
2502,Cpz28,692
2503,Cpz4,629
2504,GouF,1038
2505,GouA,113
2506,GouH,454
2507,GouG,853
2508,GouI,455
2509,GouL,1138
2510,GouK,995
2511,GouJ,1256
2512,GouK,995
2513,GouN,674
2514,GouJ,1256
2515,MsnK1,734
2515,MsnK2,1013
2515,MsnO5,883
2515,MsnO6,972
2515,MsnO1,1018
2515,MsnO11,754
2515,MsnO10,771
2515,MsnH6,439
2515,MsnK3,604
2516,MsnC1,650
2516,MsnC2,584
2516,MsnC3,651
2516,MsnH7,613
2516,MsnO6,972
2516,MsnO5,883
2516,MsnO7,972
2517,MsnO2,904
2517,MsnO3,893
2518,MsnO3,893
2518,MsnO4,904
2519,MsnO8,747
2519,MsnO3,893
2520,MsnM2,982
2520,MsnM3,983
2520,MsnM1,681
2546,bik1,924
2547,bik1,924
2548,bik2,275
2550,bik2,275
2551,bik3,576
2552,bik3,576
2521,SibP,575
2522,SibK,783
2523,SibC,1344
2524,SibL,671
2525,SibQ,1005
2526,SibE,518
2527,SibG,1097
2528,SibU,723
2529,SibV,1355
2531,SibS,536
2532,SibZ,677
2533,SibT,519
2534,SibW,75
2535,SibD,926
2539,SibI,1078
2541,SibJ,769
2542,SibM,1174
2543,SibN,1275
2544,SibO,744
2545,SibH,759
